SET NAMES latin1;
SET FOREIGN_KEY_CHECKS = 0;

CREATE TABLE `craft_assetfiles` (
  `id` int(11) NOT NULL,
  `sourceId` int(11) DEFAULT NULL,
  `folderId` int(11) NOT NULL,
  `filename` varchar(255) COLLATE utf8_unicode_ci NOT NULL,
  `kind` varchar(50) COLLATE utf8_unicode_ci NOT NULL DEFAULT 'unknown',
  `width` smallint(6) unsigned DEFAULT NULL,
  `height` smallint(6) unsigned DEFAULT NULL,
  `size` int(11) unsigned DEFAULT NULL,
  `dateModified` datetime DEFAULT NULL,
  `dateCreated` datetime NOT NULL,
  `dateUpdated` datetime NOT NULL,
  `uid` char(36) COLLATE utf8_unicode_ci NOT NULL DEFAULT '0',
  PRIMARY KEY (`id`),
  UNIQUE KEY `craft_assetfiles_filename_folderId_unq_idx` (`filename`,`folderId`),
  KEY `craft_assetfiles_sourceId_fk` (`sourceId`),
  KEY `craft_assetfiles_folderId_fk` (`folderId`),
  CONSTRAINT `craft_assetfiles_folderId_fk` FOREIGN KEY (`folderId`) REFERENCES `craft_assetfolders` (`id`) ON DELETE CASCADE,
  CONSTRAINT `craft_assetfiles_id_fk` FOREIGN KEY (`id`) REFERENCES `craft_elements` (`id`) ON DELETE CASCADE,
  CONSTRAINT `craft_assetfiles_sourceId_fk` FOREIGN KEY (`sourceId`) REFERENCES `craft_assetsources` (`id`) ON DELETE CASCADE
) ENGINE=InnoDB DEFAULT CHARSET=utf8 COLLATE=utf8_unicode_ci;

insert into `craft_assetfiles` values('9','1','1','employee-photo-480x320.gif','image','480','320','8692','2014-06-06 00:06:20','2014-06-06 00:06:20','2014-06-07 23:53:29','976c9b7f-f86c-4e9e-b44d-1707220b57eb'),
 ('10','2','2','news-post-1470x830.gif','image','1470','830','48973','2014-06-06 00:37:47','2014-06-06 00:37:47','2014-06-07 23:53:30','edaa74f4-52dd-4c47-86ff-1a678c850454'),
 ('16','3','3','page-img-1050x700.gif','image','1050','700','30657','2014-06-06 04:00:45','2014-06-06 04:00:46','2014-06-07 23:53:30','e2eaba7e-8348-4032-a9fe-a2c2bf052c1c'),
 ('27','4','5','project-thumb-480x320.gif','image','480','320','1868','2014-06-07 23:52:18','2014-06-07 23:53:30','2014-06-07 23:53:30','9e420625-b172-4cb1-b3c8-49fa0208a82f'),
 ('28','4','7','project-slide-1470x830.gif','image','1470','830','48973','2014-06-07 23:58:10','2014-06-07 23:58:11','2014-06-07 23:58:11','72eb75f0-fb11-4166-b18a-193b2816aab7'),
 ('35','4','5','hopetounave-thumb.jpg','image','480','320','64768','2014-06-08 00:22:14','2014-06-08 00:22:14','2014-06-08 00:22:14','a30a966d-31fe-4331-9fa2-01409cd3a571'),
 ('36','4','8','hometounave-slide-1.jpg','image','1470','830','566909','2014-06-08 00:26:47','2014-06-08 00:26:53','2014-06-08 00:26:53','a4ee29a3-b8e9-4606-912b-1bd15ff8a329'),
 ('37','4','8','hometounave-slide-2.jpg','image','1470','830','360788','2014-06-08 00:26:53','2014-06-08 00:26:54','2014-06-08 00:26:54','0b537f3b-7679-434c-bfd3-33b2535dfa1e'),
 ('38','4','8','hometounave-slide-3.jpg','image','1470','830','255096','2014-06-08 00:26:54','2014-06-08 00:26:55','2014-06-08 00:26:55','866c0030-5381-442b-81f2-8a5a2aa73be2'),
 ('39','4','8','hometounave-slide-4.jpg','image','1470','830','349765','2014-06-08 00:26:55','2014-06-08 00:26:55','2014-06-08 00:26:55','4dc848ba-74ab-4915-bf7a-7cd4073d137f'),
 ('40','4','8','hometounave-slide-5.jpg','image','1470','830','242635','2014-06-08 00:26:55','2014-06-08 00:26:56','2014-06-08 00:26:56','de03c51a-9374-45de-b224-818526dc76e1'),
 ('41','4','8','hometounave-slide-6.jpg','image','1470','830','246052','2014-06-08 00:26:56','2014-06-08 00:26:57','2014-06-08 00:26:57','e84d8394-def7-4610-b9bf-a259826efec8'),
 ('42','4','8','hometounave-slide-7.jpg','image','1470','830','367203','2014-06-08 00:26:57','2014-06-08 00:26:58','2014-06-08 00:26:58','dd8e4c12-2ad6-4e53-891b-34a5374dc25d'),
 ('48','4','6','The-Proposal-Checklist.pdf','pdf',null,null,'67202','2014-06-11 01:02:26','2014-06-11 01:02:26','2014-06-11 01:02:26','a1ad89ee-fb35-4363-90aa-639df985be44');

CREATE TABLE `craft_assetfolders` (
  `id` int(11) NOT NULL AUTO_INCREMENT,
  `parentId` int(11) DEFAULT NULL,
  `sourceId` int(11) DEFAULT NULL,
  `name` varchar(255) COLLATE utf8_unicode_ci NOT NULL,
  `path` varchar(255) COLLATE utf8_unicode_ci DEFAULT NULL,
  `dateCreated` datetime NOT NULL,
  `dateUpdated` datetime NOT NULL,
  `uid` char(36) COLLATE utf8_unicode_ci NOT NULL DEFAULT '0',
  PRIMARY KEY (`id`),
  UNIQUE KEY `craft_assetfolders_name_parentId_sourceId_unq_idx` (`name`,`parentId`,`sourceId`),
  KEY `craft_assetfolders_parentId_fk` (`parentId`),
  KEY `craft_assetfolders_sourceId_fk` (`sourceId`),
  CONSTRAINT `craft_assetfolders_parentId_fk` FOREIGN KEY (`parentId`) REFERENCES `craft_assetfolders` (`id`) ON DELETE CASCADE,
  CONSTRAINT `craft_assetfolders_sourceId_fk` FOREIGN KEY (`sourceId`) REFERENCES `craft_assetsources` (`id`) ON DELETE CASCADE
) ENGINE=InnoDB AUTO_INCREMENT=10 DEFAULT CHARSET=utf8 COLLATE=utf8_unicode_ci;

insert into `craft_assetfolders` values('1',null,'1','People','','2014-06-05 21:14:31','2014-06-05 21:14:31','eda349fd-4052-470e-9004-fa1bedc17ad6'),
 ('2',null,'2','News','','2014-06-06 00:28:38','2014-06-06 00:28:38','40c3deba-2da2-489c-ab8e-44b99db2be66'),
 ('3',null,'3','Pages','','2014-06-06 03:55:28','2014-06-06 03:55:28','49dbf674-c3eb-4db5-aafe-1f042931e5b5'),
 ('4',null,'4','Projects','','2014-06-07 23:03:08','2014-06-07 23:03:08','164c20e0-5fd2-4d3f-a046-e27c8a1f9488'),
 ('5','4','4','thumbnails','thumbnails/','2014-06-07 23:45:09','2014-06-07 23:45:47','2e373174-14e3-4499-8e80-13a8a0336a8c'),
 ('6','4','4','pdf','pdf/','2014-06-07 23:45:53','2014-06-07 23:45:53','127f84d4-9373-4e2e-a7a7-8894a1046954'),
 ('7','4','4','436staffordst','436staffordst/','2014-06-07 23:57:40','2014-06-07 23:57:40','0e85c10b-5f1d-4fbb-b355-42f2fcfb3136'),
 ('8','4','4','hopetounave','hopetounave/','2014-06-08 00:26:41','2014-06-08 00:26:41','63c45755-d32a-447d-a21c-9638e9246955'),
 ('9',null,'5','Awards','','2014-06-18 22:16:57','2014-06-18 22:16:57','c480e449-802e-474e-9728-81a5655205b8');

CREATE TABLE `craft_assetindexdata` (
  `id` int(11) NOT NULL AUTO_INCREMENT,
  `sessionId` varchar(36) COLLATE utf8_unicode_ci NOT NULL DEFAULT '',
  `sourceId` int(10) NOT NULL,
  `offset` int(10) NOT NULL,
  `uri` varchar(255) COLLATE utf8_unicode_ci DEFAULT NULL,
  `size` int(10) DEFAULT NULL,
  `recordId` int(10) DEFAULT NULL,
  `dateCreated` datetime NOT NULL,
  `dateUpdated` datetime NOT NULL,
  `uid` char(36) COLLATE utf8_unicode_ci NOT NULL DEFAULT '0',
  PRIMARY KEY (`id`),
  UNIQUE KEY `craft_assetindexdata_sessionId_sourceId_offset_unq_idx` (`sessionId`,`sourceId`,`offset`),
  KEY `craft_assetindexdata_sourceId_fk` (`sourceId`),
  CONSTRAINT `craft_assetindexdata_sourceId_fk` FOREIGN KEY (`sourceId`) REFERENCES `craft_assetsources` (`id`) ON DELETE CASCADE
) ENGINE=InnoDB DEFAULT CHARSET=utf8 COLLATE=utf8_unicode_ci;


CREATE TABLE `craft_assetsources` (
  `id` int(11) NOT NULL AUTO_INCREMENT,
  `name` varchar(255) COLLATE utf8_unicode_ci NOT NULL,
  `type` varchar(150) COLLATE utf8_unicode_ci NOT NULL,
  `settings` text COLLATE utf8_unicode_ci,
  `sortOrder` tinyint(4) DEFAULT NULL,
  `fieldLayoutId` int(10) DEFAULT NULL,
  `dateCreated` datetime NOT NULL,
  `dateUpdated` datetime NOT NULL,
  `uid` char(36) COLLATE utf8_unicode_ci NOT NULL DEFAULT '0',
  PRIMARY KEY (`id`),
  UNIQUE KEY `craft_assetsources_name_unq_idx` (`name`),
  KEY `craft_assetsources_fieldLayoutId_fk` (`fieldLayoutId`),
  CONSTRAINT `craft_assetsources_fieldLayoutId_fk` FOREIGN KEY (`fieldLayoutId`) REFERENCES `craft_fieldlayouts` (`id`) ON DELETE SET NULL
) ENGINE=InnoDB AUTO_INCREMENT=6 DEFAULT CHARSET=utf8 COLLATE=utf8_unicode_ci;

insert into `craft_assetsources` values('1','People','Local','{\"path\":\"{fileSystemPath}people\\/\",\"url\":\"{siteUrl}images\\/people\\/\"}','1','50','2014-06-05 21:14:31','2014-06-17 21:35:12','bfa45426-fd83-4766-859d-d734f8380ab1'),
 ('2','News','Local','{\"path\":\"{fileSystemPath}news\\/\",\"url\":\"{siteUrl}images\\/news\\/\"}','2','26','2014-06-06 00:28:38','2014-06-06 00:37:27','88e8f8e7-3a48-42b4-ad5f-ac0c4dae8f22'),
 ('3','Pages','Local','{\"path\":\"{fileSystemPath}pages\\/\",\"url\":\"{siteUrl}images\\/pages\\/\"}','3','33','2014-06-06 03:55:28','2014-06-06 03:55:41','ee868a44-968f-483c-828c-758e590663e1'),
 ('4','Projects','Local','{\"path\":\"{fileSystemPath}projects\\/\",\"url\":\"{siteUrl}images\\/projects\\/\"}','4','35','2014-06-07 23:03:08','2014-06-07 23:03:08','6533137e-b8b7-4f9d-af66-e389084d0538'),
 ('5','Awards','Local','{\"path\":\"{fileSystemPath}awards\\/\",\"url\":\"{siteUrl}images\\/awards\\/\"}','5','55','2014-06-18 22:16:57','2014-06-18 22:19:35','1bc121a0-5530-4543-a6b7-597c07f7a510');

CREATE TABLE `craft_assettransformindex` (
  `id` int(11) NOT NULL AUTO_INCREMENT,
  `fileId` int(11) NOT NULL,
  `location` varchar(255) COLLATE utf8_unicode_ci NOT NULL,
  `sourceId` int(11) NOT NULL,
  `fileExists` tinyint(1) DEFAULT NULL,
  `inProgress` tinyint(1) DEFAULT NULL,
  `dateIndexed` datetime DEFAULT NULL,
  `dateCreated` datetime NOT NULL,
  `dateUpdated` datetime NOT NULL,
  `uid` char(36) COLLATE utf8_unicode_ci NOT NULL DEFAULT '0',
  PRIMARY KEY (`id`),
  KEY `craft_assettransformindex_sourceId_fileId_location_idx` (`sourceId`,`fileId`,`location`)
) ENGINE=InnoDB AUTO_INCREMENT=3 DEFAULT CHARSET=utf8 COLLATE=utf8_unicode_ci;

insert into `craft_assettransformindex` values('1','36','_projectThumbnailGrid','4','1','0','2014-06-17 21:44:59','2014-06-17 21:44:59','2014-06-17 21:58:13','ffa0a756-484c-43d3-9ac5-2c6d599c79a3'),
 ('2','35','_projectThumbnailGrid','4','1','0','2014-06-17 22:02:05','2014-06-17 22:02:05','2014-06-17 22:02:06','a5226955-bf58-4ed9-8782-a268519a28df');

CREATE TABLE `craft_assettransforms` (
  `id` int(11) NOT NULL AUTO_INCREMENT,
  `name` varchar(255) COLLATE utf8_unicode_ci NOT NULL,
  `handle` varchar(255) COLLATE utf8_unicode_ci NOT NULL,
  `mode` enum('stretch','fit','crop') COLLATE utf8_unicode_ci NOT NULL DEFAULT 'crop',
  `position` enum('top-left','top-center','top-right','center-left','center-center','center-right','bottom-left','bottom-center','bottom-right') COLLATE utf8_unicode_ci NOT NULL DEFAULT 'center-center',
  `height` int(10) DEFAULT NULL,
  `width` int(10) DEFAULT NULL,
  `quality` int(10) DEFAULT NULL,
  `dimensionChangeTime` datetime DEFAULT NULL,
  `dateCreated` datetime NOT NULL,
  `dateUpdated` datetime NOT NULL,
  `uid` char(36) COLLATE utf8_unicode_ci NOT NULL DEFAULT '0',
  PRIMARY KEY (`id`),
  UNIQUE KEY `craft_assettransforms_name_unq_idx` (`name`),
  UNIQUE KEY `craft_assettransforms_handle_unq_idx` (`handle`)
) ENGINE=InnoDB AUTO_INCREMENT=2 DEFAULT CHARSET=utf8 COLLATE=utf8_unicode_ci;

insert into `craft_assettransforms` values('1','Project Thumbnail','projectThumbnailGrid','crop','center-center','320','480',null,'2014-06-17 21:33:51','2014-06-17 21:33:51','2014-06-17 21:43:05','24f97983-e8e4-41d4-bae0-f49069c411b9');

CREATE TABLE `craft_categories` (
  `id` int(11) NOT NULL,
  `groupId` int(11) NOT NULL,
  `dateCreated` datetime NOT NULL,
  `dateUpdated` datetime NOT NULL,
  `uid` char(36) COLLATE utf8_unicode_ci NOT NULL DEFAULT '0',
  PRIMARY KEY (`id`),
  KEY `craft_categories_groupId_fk` (`groupId`),
  CONSTRAINT `craft_categories_groupId_fk` FOREIGN KEY (`groupId`) REFERENCES `craft_categorygroups` (`id`) ON DELETE CASCADE,
  CONSTRAINT `craft_categories_id_fk` FOREIGN KEY (`id`) REFERENCES `craft_elements` (`id`) ON DELETE CASCADE
) ENGINE=InnoDB DEFAULT CHARSET=utf8 COLLATE=utf8_unicode_ci;

insert into `craft_categories` values('24','1','2014-06-07 23:09:56','2014-06-07 23:09:56','25c3b677-ca71-4c68-b916-1e2488f78a61'),
 ('25','1','2014-06-07 23:10:05','2014-06-07 23:10:05','a218370f-9b36-4305-95f7-503afdc3bfef'),
 ('32','1','2014-06-07 23:59:09','2014-06-07 23:59:09','226c3f3e-5aee-4c04-b943-37e78623fbf5'),
 ('33','1','2014-06-07 23:59:14','2014-06-07 23:59:14','71856b4d-255b-4fc8-9535-fd30c5e31d6f'),
 ('34','1','2014-06-07 23:59:24','2014-06-07 23:59:24','b3c7da2d-7c62-4226-8c08-875bcce3f9db');

CREATE TABLE `craft_categorygroups` (
  `id` int(11) NOT NULL AUTO_INCREMENT,
  `structureId` int(11) NOT NULL,
  `fieldLayoutId` int(11) DEFAULT NULL,
  `name` varchar(255) COLLATE utf8_unicode_ci NOT NULL,
  `handle` varchar(255) COLLATE utf8_unicode_ci NOT NULL,
  `hasUrls` tinyint(1) unsigned NOT NULL DEFAULT '1',
  `template` varchar(500) COLLATE utf8_unicode_ci DEFAULT NULL,
  `dateCreated` datetime NOT NULL,
  `dateUpdated` datetime NOT NULL,
  `uid` char(36) COLLATE utf8_unicode_ci NOT NULL DEFAULT '0',
  PRIMARY KEY (`id`),
  UNIQUE KEY `craft_categorygroups_name_unq_idx` (`name`),
  UNIQUE KEY `craft_categorygroups_handle_unq_idx` (`handle`),
  KEY `craft_categorygroups_structureId_fk` (`structureId`),
  KEY `craft_categorygroups_fieldLayoutId_fk` (`fieldLayoutId`),
  CONSTRAINT `craft_categorygroups_fieldLayoutId_fk` FOREIGN KEY (`fieldLayoutId`) REFERENCES `craft_fieldlayouts` (`id`) ON DELETE SET NULL,
  CONSTRAINT `craft_categorygroups_structureId_fk` FOREIGN KEY (`structureId`) REFERENCES `craft_structures` (`id`) ON DELETE CASCADE
) ENGINE=InnoDB AUTO_INCREMENT=2 DEFAULT CHARSET=utf8 COLLATE=utf8_unicode_ci;

insert into `craft_categorygroups` values('1','2','36','Projects','projects','1','projects','2014-06-07 23:09:03','2014-06-07 23:09:03','f07feb85-6a52-43c5-95d0-9b7380d29f31');

CREATE TABLE `craft_categorygroups_i18n` (
  `id` int(11) NOT NULL AUTO_INCREMENT,
  `groupId` int(11) NOT NULL,
  `locale` char(12) COLLATE utf8_unicode_ci NOT NULL,
  `urlFormat` varchar(255) COLLATE utf8_unicode_ci DEFAULT NULL,
  `nestedUrlFormat` varchar(255) COLLATE utf8_unicode_ci DEFAULT NULL,
  `dateCreated` datetime NOT NULL,
  `dateUpdated` datetime NOT NULL,
  `uid` char(36) COLLATE utf8_unicode_ci NOT NULL DEFAULT '0',
  PRIMARY KEY (`id`),
  UNIQUE KEY `craft_categorygroups_i18n_groupId_locale_unq_idx` (`groupId`,`locale`),
  KEY `craft_categorygroups_i18n_locale_fk` (`locale`),
  CONSTRAINT `craft_categorygroups_i18n_groupId_fk` FOREIGN KEY (`groupId`) REFERENCES `craft_categorygroups` (`id`) ON DELETE CASCADE,
  CONSTRAINT `craft_categorygroups_i18n_locale_fk` FOREIGN KEY (`locale`) REFERENCES `craft_locales` (`locale`) ON DELETE CASCADE ON UPDATE CASCADE
) ENGINE=InnoDB AUTO_INCREMENT=2 DEFAULT CHARSET=utf8 COLLATE=utf8_unicode_ci;

insert into `craft_categorygroups_i18n` values('1','1','en_us','projects/{slug}',null,'2014-06-07 23:09:03','2014-06-07 23:09:03','c16ebae2-bb74-4865-835b-169e5daa9ff5');

CREATE TABLE `craft_content` (
  `id` int(11) NOT NULL AUTO_INCREMENT,
  `elementId` int(11) NOT NULL,
  `locale` char(12) COLLATE utf8_unicode_ci NOT NULL,
  `title` varchar(255) COLLATE utf8_unicode_ci DEFAULT NULL,
  `field_heading` text COLLATE utf8_unicode_ci,
  `field_body` text COLLATE utf8_unicode_ci,
  `field_contactAddress` text COLLATE utf8_unicode_ci,
  `field_contactTelephone` text COLLATE utf8_unicode_ci,
  `field_contactFacsimile` text COLLATE utf8_unicode_ci,
  `field_contactEmail` text COLLATE utf8_unicode_ci,
  `field_contactGoogleMap` text COLLATE utf8_unicode_ci,
  `field_contactDirections` text COLLATE utf8_unicode_ci,
  `field_pageTitle` text COLLATE utf8_unicode_ci,
  `field_contactDetailsHeading` text COLLATE utf8_unicode_ci,
  `field_contactDirectionsHeading` text COLLATE utf8_unicode_ci,
  `field_contactFormHeading` text COLLATE utf8_unicode_ci,
  `field_employeeFirstName` text COLLATE utf8_unicode_ci,
  `field_employeeLastName` text COLLATE utf8_unicode_ci,
  `field_employeeTitle` text COLLATE utf8_unicode_ci,
  `field_employeeCredentials` text COLLATE utf8_unicode_ci,
  `field_employeeBio` text COLLATE utf8_unicode_ci,
  `field_employeeType` varchar(255) COLLATE utf8_unicode_ci DEFAULT NULL,
  `field_employeeDisplaySettings` text COLLATE utf8_unicode_ci,
  `field_postBody` text COLLATE utf8_unicode_ci,
  `field_postIntro` text COLLATE utf8_unicode_ci,
  `field_postDisplaySettings` text COLLATE utf8_unicode_ci,
  `field_altText` text COLLATE utf8_unicode_ci,
  `field_projectDescription` text COLLATE utf8_unicode_ci,
  `field_projectTitle` text COLLATE utf8_unicode_ci,
  `field_projectSuburb` text COLLATE utf8_unicode_ci,
  `field_projectCompleted` varchar(4) COLLATE utf8_unicode_ci DEFAULT NULL,
  `field_projectBuilder` text COLLATE utf8_unicode_ci,
  `field_projectArea` text COLLATE utf8_unicode_ci,
  `field_projectPhotographer` text COLLATE utf8_unicode_ci,
  `field_projectDisplaySettings` text COLLATE utf8_unicode_ci,
  `field_projectThumbDisplaySettings` text COLLATE utf8_unicode_ci,
  `field_customURL` text COLLATE utf8_unicode_ci,
  `field_metaDescription` text COLLATE utf8_unicode_ci,
  `field_metaKeywords` text COLLATE utf8_unicode_ci,
  `field_metaAuthor` text COLLATE utf8_unicode_ci,
  `field_metaGoogleSiteVerificationCode` text COLLATE utf8_unicode_ci,
  `field_contactThankYouMessage` text COLLATE utf8_unicode_ci,
  `field_awardSubtitle` text COLLATE utf8_unicode_ci,
  `field_awardDate` datetime DEFAULT NULL,
  `dateCreated` datetime NOT NULL,
  `dateUpdated` datetime NOT NULL,
  `uid` char(36) COLLATE utf8_unicode_ci NOT NULL DEFAULT '0',
  PRIMARY KEY (`id`),
  UNIQUE KEY `craft_content_elementId_locale_unq_idx` (`elementId`,`locale`),
  KEY `craft_content_title_idx` (`title`),
  KEY `craft_content_locale_fk` (`locale`),
  CONSTRAINT `craft_content_elementId_fk` FOREIGN KEY (`elementId`) REFERENCES `craft_elements` (`id`) ON DELETE CASCADE,
  CONSTRAINT `craft_content_locale_fk` FOREIGN KEY (`locale`) REFERENCES `craft_locales` (`locale`) ON DELETE CASCADE ON UPDATE CASCADE
) ENGINE=InnoDB AUTO_INCREMENT=46 DEFAULT CHARSET=utf8 COLLATE=utf8_unicode_ci;

insert into `craft_content` values('1','1','en_us',null,null,null,null,null,null,null,null,null,null,null,null,null,null,null,null,null,null,null,null,null,null,null,null,null,null,null,'0000',null,null,null,null,null,null,null,null,null,null,null,null,null,'2014-05-10 01:07:35','2014-05-10 01:10:15','8525d1fc-cd96-4c36-831f-c90fc22f11d0'),
 ('2','2','en_us','Homepage','Welcome to Corben.dev!','<p>It’s true, this site doesn’t have a whole lot of content yet, but don’t worry. Our web developers have just installed the CMS, and they’re setting things up for the content editors this very moment. Soon Corben.dev will be an oasis of fresh perspectives, sharp analyses, and astute opinions that will keep you coming back again and again.</p>',null,null,null,null,null,null,null,null,null,null,null,null,null,null,null,null,null,null,null,null,null,null,null,null,'0000',null,null,null,null,null,null,null,null,null,null,null,null,null,'2014-05-10 01:07:38','2014-06-11 01:45:48','1ea0db99-794b-419c-92bf-deb2c1c1d031'),
 ('4','4','en_us',null,null,null,null,null,null,null,null,null,null,null,null,null,null,null,null,null,null,null,null,null,null,null,null,null,null,null,'0000',null,null,null,null,null,null,null,null,null,null,null,null,null,'2014-05-10 01:19:53','2014-06-17 21:32:30','ffce016f-fe5c-48de-b14c-ffe3dcbaccbd'),
 ('5','5','en_us','Place',null,null,'<p>\r\n	suite 14, 40 Yeo St</p><p>\r\n	Neutral Bay, NSW 2089</p>','+61 (02) 9904 1844','+61 (02) 9904 1855','mailxa@corben.com.au','<iframe width=\"1470\" height=\"480\" frameborder=\"0\" style=\"border:0\" src=\"https://www.google.com/maps/embed/v1/place?q=Suite%2014%2C%2040%20Yeo%20St%20Neutral%20Bay%2C%20NSW%202089&key=AIzaSyBiAD2tlzv1CXVhOPFqf-bLDk_nM4k1EC8&maptype=satellite\"></iframe>','<p>\r\n	Lorem ipsum dolor sit amet, consectetur adipisicing elit. Minus sequi voluptatem voluptatum perspiciatis sed consequatur assumenda ratione id dolor alias provident rem modi deserunt odit laboriosam pariatur exercitationem atque quo?</p>','Place','Contact Details','How to Find Us','Email Us',null,null,null,null,null,null,null,null,null,null,null,null,null,null,'0000',null,null,null,null,null,null,null,null,null,null,'Thank you for contacting us, we will be in touch shortly.',null,null,'2014-06-05 03:01:30','2014-06-14 23:41:01','36dc6877-3158-49cc-9c64-9f1241f06ab5'),
 ('6','6','en_us','Ryan Belisle',null,null,null,null,null,null,null,null,null,null,null,null,'Ryan','Belisle','This is my Title','These are my Credentials','<p>Lorem ipsum dolor sit amet, consectetur adipiscing elit. Aenean eu leo quam. Pellentesque ornare sem lacinia quam venenatis vestibulum. Cum sociis natoque penatibus et magnis dis parturient montes, nascetur ridiculus mus. Nullam id dolor id nibh ultricies vehicula ut id elit. Lorem ipsum dolor sit amet, consectetur adipiscing elit. Cum sociis natoque penatibus et magnis dis parturient montes, nascetur ridiculus mus. Integer posuere erat a ante venenatis dapibus posuere velit aliquet.</p>','director','[\"true\"]',null,null,null,null,null,null,null,'0000',null,null,null,null,null,null,null,null,null,null,null,null,null,'2014-06-05 23:43:39','2014-06-06 00:08:28','fef79d6b-e23e-4fc0-b30e-4bfde45177c5'),
 ('7','7','en_us','Director Lastname',null,null,null,null,null,null,null,null,null,null,null,null,'Director','Lastname','Title','Credentials','<p>Donec sed odio dui. Lorem ipsum dolor sit amet, consectetur adipiscing elit. Nullam id dolor id nibh ultricies vehicula ut id elit. Fusce dapibus, tellus ac cursus commodo, tortor mauris condimentum nibh, ut fermentum massa justo sit amet risus. Donec ullamcorper nulla non metus auctor fringilla.</p>','staff','[\"true\"]',null,null,null,null,null,null,null,'0000',null,null,null,null,null,null,null,null,null,null,null,null,null,'2014-06-05 23:59:00','2014-06-06 00:08:37','a1ee7972-8953-4d67-9b8f-459ecb39930b'),
 ('8','8','en_us','Staff Lastname',null,null,null,null,null,null,null,null,null,null,null,null,'Staff','Lastname','Title','Credentials','<p>Donec sed odio dui. Lorem ipsum dolor sit amet, consectetur adipiscing elit. Nullam id dolor id nibh ultricies vehicula ut id elit. Fusce dapibus, tellus ac cursus commodo, tortor mauris condimentum nibh, ut fermentum massa justo sit amet risus. Donec ullamcorper nulla non metus auctor fringilla.</p>','staff','',null,null,null,null,null,null,null,'0000',null,null,null,null,null,null,null,null,null,null,null,null,null,'2014-06-06 00:01:04','2014-06-06 00:08:50','99d0f587-1b68-4915-97b7-408f6ad2e946'),
 ('9','9','en_us','employee-photo-480x320',null,null,null,null,null,null,null,null,null,null,null,null,null,null,null,null,null,null,null,null,null,null,null,null,null,null,'0000',null,null,null,null,null,null,null,null,null,null,null,null,null,'2014-06-06 00:06:20','2014-06-07 23:53:29','ae2f93b1-4960-458f-8e2c-6665e4d560a0'),
 ('10','10','en_us','news-post-1470x830',null,null,null,null,null,null,null,null,null,null,null,null,null,null,null,null,null,null,null,null,null,null,'News Post Two Image',null,null,null,'0000',null,null,null,null,null,null,null,null,null,null,null,null,null,'2014-06-06 00:37:47','2014-06-07 23:53:30','f6850140-60ce-402a-bfd1-4c0a234c1f64'),
 ('11','11','en_us','This is the News Post One Title',null,null,null,null,null,null,null,null,null,null,null,null,null,null,null,null,null,null,null,'<p>{Post Body}&nbsp;Lorem ipsum dolor sit amet, consectetur adipiscing elit. Curabitur blandit tempus porttitor. Maecenas faucibus mollis interdum. Sed posuere consectetur est at lobortis. Maecenas faucibus mollis interdum.</p><p>\r\n	Aenean lacinia bibendum nulla sed consectetur. Integer posuere erat a ante venenatis dapibus posuere velit aliquet. Donec ullamcorper nulla non metus auctor fringilla. Morbi leo risus, porta ac consectetur ac, vestibulum at eros. Fusce dapibus, tellus ac cursus commodo, tortor mauris condimentum nibh, ut fermentum massa justo sit amet risus.</p><p>\r\n	Vestibulum id ligula porta felis euismod semper. Cum sociis natoque penatibus et magnis dis parturient montes, nascetur ridiculus mus. Etiam porta sem malesuada magna mollis euismod. Morbi leo risus, porta ac consectetur ac, vestibulum at eros. Nullam quis risus eget urna mollis ornare vel eu leo. Maecenas faucibus mollis interdum. Cras justo odio, dapibus ac facilisis in, egestas eget quam.</p><p>\r\n	Cras mattis consectetur purus sit amet fermentum. Donec sed odio dui. Cras mattis consectetur purus sit amet fermentum. Integer posuere erat a ante venenatis dapibus posuere velit aliquet. Donec id elit non mi porta gravida at eget metus. Donec id elit non mi porta gravida at eget metus. Nulla vitae elit libero, a pharetra augue.</p>','<p>{Post Intro}&nbsp;Etiam porta sem malesuada magna mollis euismod. Morbi leo risus, porta ac consectetur ac, vestibulum at eros. Cras justo odio, dapibus ac facilisis in, egestas eget quam. Nulla vitae elit libero, a pharetra augue.</p>','[\"True\"]',null,null,null,null,'0000',null,null,null,null,null,null,null,null,null,null,null,null,null,'2014-06-06 00:39:04','2014-06-06 00:59:51','37127f0c-f19e-4528-aa8b-0cd4902e84e3'),
 ('12','12','en_us','News Post Two Title',null,null,null,null,null,null,null,null,null,null,null,null,null,null,null,null,null,null,null,'<p>{Post Body}&nbsp;Lorem ipsum dolor sit amet, consectetur adipiscing elit. Vivamus sagittis lacus vel augue laoreet rutrum faucibus dolor auctor. Donec id elit non mi porta gravida at eget metus. Donec sed odio dui.</p><p>Vestibulum id ligula porta felis euismod semper. Sed posuere consectetur est at lobortis. Duis mollis, est non commodo luctus, nisi erat porttitor ligula, eget lacinia odio sem nec elit. Curabitur blandit tempus porttitor. Etiam porta sem malesuada magna mollis euismod. Praesent commodo cursus magna, vel scelerisque nisl consectetur et. Nulla vitae elit libero, a pharetra augue.Lorem ipsum dolor sit amet, consectetur adipiscing elit. Vivamus sagittis lacus vel augue laoreet rutrum faucibus dolor auctor. Donec id elit non mi porta gravida at eget metus. Donec sed odio dui.</p><p>Vestibulum id ligula porta felis euismod semper. Sed posuere consectetur est at lobortis. Duis mollis, est non commodo luctus, nisi erat porttitor ligula, eget lacinia odio sem nec elit. Curabitur blandit tempus porttitor. Etiam porta sem malesuada magna mollis euismod. Praesent commodo cursus magna, vel scelerisque nisl consectetur et. Nulla vitae elit libero, a pharetra augue.Lorem ipsum dolor sit amet, consectetur adipiscing elit. Vivamus sagittis lacus vel augue laoreet rutrum faucibus dolor auctor. Donec id elit non mi porta gravida at eget metus. Donec sed odio dui.</p><p>Vestibulum id ligula porta felis euismod semper. Sed posuere consectetur est at lobortis. Duis mollis, est non commodo luctus, nisi erat porttitor ligula, eget lacinia odio sem nec elit. Curabitur blandit tempus porttitor. Etiam porta sem malesuada magna mollis euismod. Praesent commodo cursus magna, vel scelerisque nisl consectetur et. Nulla vitae elit libero, a pharetra augue.Lorem ipsum dolor sit amet, consectetur adipiscing elit. Vivamus sagittis lacus vel augue laoreet rutrum faucibus dolor auctor. Donec id elit non mi porta gravida at eget metus. Donec sed odio dui.</p><p>Vestibulum id ligula porta felis euismod semper. Sed posuere consectetur est at lobortis. Duis mollis, est non commodo luctus, nisi erat porttitor ligula, eget lacinia odio sem nec elit. Curabitur blandit tempus porttitor. Etiam porta sem malesuada magna mollis euismod. Praesent commodo cursus magna, vel scelerisque nisl consectetur et. Nulla vitae elit libero, a pharetra augue.Lorem ipsum dolor sit amet, consectetur adipiscing elit. Vivamus sagittis lacus vel augue laoreet rutrum faucibus dolor auctor. Donec id elit non mi porta gravida at eget metus. Donec sed odio dui.</p><p>Vestibulum id ligula porta felis euismod semper. Sed posuere consectetur est at lobortis. Duis mollis, est non commodo luctus, nisi erat porttitor ligula, eget lacinia odio sem nec elit. Curabitur blandit tempus porttitor. Etiam porta sem malesuada magna mollis euismod. Praesent commodo cursus magna, vel scelerisque nisl consectetur et. Nulla vitae elit libero, a pharetra augue.Lorem ipsum dolor sit amet, consectetur adipiscing elit. Vivamus sagittis lacus vel augue laoreet rutrum faucibus dolor auctor. Donec id elit non mi porta gravida at eget metus. Donec sed odio dui.</p><p>Vestibulum id ligula porta felis euismod semper. Sed posuere consectetur est at lobortis. Duis mollis, est non commodo luctus, nisi erat porttitor ligula, eget lacinia odio sem nec elit. Curabitur blandit tempus porttitor. Etiam porta sem malesuada magna mollis euismod. Praesent commodo cursus magna, vel scelerisque nisl consectetur et. Nulla vitae elit libero, a pharetra augue.Lorem ipsum dolor sit amet, consectetur adipiscing elit. Vivamus sagittis lacus vel augue laoreet rutrum faucibus dolor auctor. Donec id elit non mi porta gravida at eget metus. Donec sed odio dui.</p><p>Vestibulum id ligula porta felis euismod semper. Sed posuere consectetur est at lobortis. Duis mollis, est non commodo luctus, nisi erat porttitor ligula, eget lacinia odio sem nec elit. Curabitur blandit tempus porttitor. Etiam porta sem malesuada magna mollis euismod. Praesent commodo cursus magna, vel scelerisque nisl consectetur et. Nulla vitae elit libero, a pharetra augue.</p>','<p>{Post Intro}&nbsp;Lorem ipsum dolor sit amet, consectetur adipiscing elit. Vivamus sagittis lacus vel augue laoreet rutrum faucibus dolor auctor. Donec id elit non mi porta gravida at eget metus. Donec sed odio dui.</p><p>Vestibulum id ligula porta felis euismod semper. Sed posuere consectetur est at lobortis. Duis mollis, est non commodo luctus, nisi erat porttitor ligula, eget lacinia odio sem nec elit. Curabitur blandit tempus porttitor. Etiam porta sem malesuada magna mollis euismod. Praesent commodo cursus magna, vel scelerisque nisl consectetur et. Nulla vitae elit libero, a pharetra augue.</p>','',null,null,null,null,'0000',null,null,null,null,null,null,null,null,null,null,null,null,null,'2014-06-06 00:50:46','2014-06-06 00:59:28','9be77581-d77d-4d3e-833c-29c9c72e4443'),
 ('13','13','en_us',null,null,null,null,null,null,null,null,null,null,null,null,null,null,null,null,null,null,null,null,null,null,null,null,null,null,null,'0000',null,null,null,null,null,null,null,null,null,null,null,null,null,'2014-06-06 01:22:18','2014-06-06 01:34:36','eda3dbdb-ae5c-491f-8e2e-a54fe878855a'),
 ('14','16','en_us','page-img-1050x700',null,null,null,null,null,null,null,null,null,null,null,null,null,null,null,null,null,null,null,null,null,null,'Fees Photo',null,null,null,'0000',null,null,null,null,null,null,null,null,null,null,null,null,null,'2014-06-06 04:00:45','2014-06-07 23:53:30','4cf05561-2563-4bdc-b8e8-660283c7fafc'),
 ('15','17','en_us','Disclaimer',null,'<h4>Disclaimer Heading</h4><p>\r\n	Maecenas faucibus mollis interdum. Nullam id dolor id nibh ultricies vehicula ut id elit. Vivamus sagittis lacus vel augue laoreet rutrum faucibus dolor auctor. Donec sed odio dui. Donec sed odio dui. Morbi leo risus, porta ac consectetur ac, vestibulum at eros. Curabitur blandit tempus porttitor.</p><p>\r\n	Sed posuere consectetur est at lobortis. Aenean lacinia bibendum nulla sed consectetur. Nullam quis risus eget urna mollis ornare vel eu leo. Nulla vitae elit libero, a pharetra augue. Etiam porta sem malesuada magna mollis euismod. Aenean eu leo quam. Pellentesque ornare sem lacinia quam venenatis vestibulum.</p><p>\r\n	Sed posuere consectetur est at lobortis. Curabitur blandit tempus porttitor. Nullam id dolor id nibh ultricies vehicula ut id elit. Vestibulum id ligula porta felis euismod semper. Nullam quis risus eget urna mollis ornare vel eu leo. Maecenas faucibus mollis interdum.</p><p>\r\n	Integer posuere erat a ante venenatis dapibus posuere velit aliquet. Aenean eu leo quam. Pellentesque ornare sem lacinia quam venenatis vestibulum. Donec sed odio dui. Maecenas sed diam eget risus varius blandit sit amet non magna. Aenean eu leo quam. Pellentesque ornare sem lacinia quam venenatis vestibulum. Nulla vitae elit libero, a pharetra augue. Curabitur blandit tempus porttitor.</p>',null,null,null,null,null,null,null,null,null,null,null,null,null,null,null,null,null,null,null,null,null,null,null,null,'0000',null,null,null,null,null,null,null,null,null,null,null,null,null,'2014-06-06 04:01:51','2014-06-06 04:01:51','6568bde2-f6b0-4d7b-9543-578794c7cb62'),
 ('16','18','en_us','Privacy Policy',null,'<h4>Privacy Policy Header</h4><p>\r\n	Maecenas faucibus mollis interdum. Nullam id dolor id nibh ultricies vehicula ut id elit. Vivamus sagittis lacus vel augue laoreet rutrum faucibus dolor auctor. Donec sed odio dui. Donec sed odio dui. Morbi leo risus, porta ac consectetur ac, vestibulum at eros. Curabitur blandit tempus porttitor.</p><p>\r\n	Sed posuere consectetur est at lobortis. Aenean lacinia bibendum nulla sed consectetur. Nullam quis risus eget urna mollis ornare vel eu leo. Nulla vitae elit libero, a pharetra augue. Etiam porta sem malesuada magna mollis euismod. Aenean eu leo quam. Pellentesque ornare sem lacinia quam venenatis vestibulum.</p><p>\r\n	Sed posuere consectetur est at lobortis. Curabitur blandit tempus porttitor. Nullam id dolor id nibh ultricies vehicula ut id elit. Vestibulum id ligula porta felis euismod semper. Nullam quis risus eget urna mollis ornare vel eu leo. Maecenas faucibus mollis interdum.</p><p>\r\n	Integer posuere erat a ante venenatis dapibus posuere velit aliquet. Aenean eu leo quam. Pellentesque ornare sem lacinia quam venenatis vestibulum. Donec sed odio dui. Maecenas sed diam eget risus varius blandit sit amet non magna. Aenean eu leo quam. Pellentesque ornare sem lacinia quam venenatis vestibulum. Nulla vitae elit libero, a pharetra augue. Curabitur blandit tempus porttitor.</p>',null,null,null,null,null,null,null,null,null,null,null,null,null,null,null,null,null,null,null,null,null,null,null,null,'0000',null,null,null,null,null,null,null,null,null,null,null,null,null,'2014-06-06 04:02:34','2014-06-06 04:02:34','e6393ae6-78b0-4ff3-99ad-ed1b4fa416af'),
 ('17','19','en_us','About',null,'<h4>About Header</h4><p>\r\n	Maecenas faucibus mollis interdum. Nullam id dolor id nibh ultricies vehicula ut id elit. Vivamus sagittis lacus vel augue laoreet rutrum faucibus dolor auctor. Donec sed odio dui. Donec sed odio dui. Morbi leo risus, porta ac consectetur ac, vestibulum at eros. Curabitur blandit tempus porttitor.</p><p>\r\n	Sed posuere consectetur est at lobortis. Aenean lacinia bibendum nulla sed consectetur. Nullam quis risus eget urna mollis ornare vel eu leo. Nulla vitae elit libero, a pharetra augue. Etiam porta sem malesuada magna mollis euismod. Aenean eu leo quam. Pellentesque ornare sem lacinia quam venenatis vestibulum.</p><p>\r\n	Sed posuere consectetur est at lobortis. Curabitur blandit tempus porttitor. Nullam id dolor id nibh ultricies vehicula ut id elit. Vestibulum id ligula porta felis euismod semper. Nullam quis risus eget urna mollis ornare vel eu leo. Maecenas faucibus mollis interdum.</p><p>\r\n	Integer posuere erat a ante venenatis dapibus posuere velit aliquet. Aenean eu leo quam. Pellentesque ornare sem lacinia quam venenatis vestibulum. Donec sed odio dui. Maecenas sed diam eget risus varius blandit sit amet non magna. Aenean eu leo quam. Pellentesque ornare sem lacinia quam venenatis vestibulum. Nulla vitae elit libero, a pharetra augue. Curabitur blandit tempus porttitor.</p>',null,null,null,null,null,null,null,null,null,null,null,null,null,null,null,null,null,null,null,null,null,null,null,null,'0000',null,null,null,null,null,null,null,null,null,null,null,null,null,'2014-06-06 04:06:51','2014-06-14 19:15:34','517468fd-15ea-4ce7-a030-f769a41b2d08'),
 ('18','20','en_us','Architecture',null,'<h4>Architecture Heading</h4><p>\r\n	Maecenas faucibus mollis interdum. Nullam id dolor id nibh ultricies vehicula ut id elit. Vivamus sagittis lacus vel augue laoreet rutrum faucibus dolor auctor. Donec sed odio dui. Donec sed odio dui. Morbi leo risus, porta ac consectetur ac, vestibulum at eros. Curabitur blandit tempus porttitor.</p><p>\r\n	Sed posuere consectetur est at lobortis. Aenean lacinia bibendum nulla sed consectetur. Nullam quis risus eget urna mollis ornare vel eu leo. Nulla vitae elit libero, a pharetra augue. Etiam porta sem malesuada magna mollis euismod. Aenean eu leo quam. Pellentesque ornare sem lacinia quam venenatis vestibulum.</p><p>\r\n	Sed posuere consectetur est at lobortis. Curabitur blandit tempus porttitor. Nullam id dolor id nibh ultricies vehicula ut id elit. Vestibulum id ligula porta felis euismod semper. Nullam quis risus eget urna mollis ornare vel eu leo. Maecenas faucibus mollis interdum.</p><p>\r\n	Integer posuere erat a ante venenatis dapibus posuere velit aliquet. Aenean eu leo quam. Pellentesque ornare sem lacinia quam venenatis vestibulum. Donec sed odio dui. Maecenas sed diam eget risus varius blandit sit amet non magna. Aenean eu leo quam. Pellentesque ornare sem lacinia quam venenatis vestibulum. Nulla vitae elit libero, a pharetra augue. Curabitur blandit tempus porttitor.</p>',null,null,null,null,null,null,null,null,null,null,null,null,null,null,null,null,null,null,null,null,null,null,null,null,'0000',null,null,null,null,null,null,null,null,null,null,null,null,null,'2014-06-06 04:07:19','2014-06-06 04:07:59','aa249431-bdaf-4d5e-9cf9-78e30a0898de'),
 ('19','21','en_us','Service',null,'<h4>Service Heading</h4><p>\r\n	Maecenas faucibus mollis interdum. Nullam id dolor id nibh ultricies vehicula ut id elit. Vivamus sagittis lacus vel augue laoreet rutrum faucibus dolor auctor. Donec sed odio dui. Donec sed odio dui. Morbi leo risus, porta ac consectetur ac, vestibulum at eros. Curabitur blandit tempus porttitor.</p><p>\r\n	Sed posuere consectetur est at lobortis. Aenean lacinia bibendum nulla sed consectetur. Nullam quis risus eget urna mollis ornare vel eu leo. Nulla vitae elit libero, a pharetra augue. Etiam porta sem malesuada magna mollis euismod. Aenean eu leo quam. Pellentesque ornare sem lacinia quam venenatis vestibulum.</p><p>\r\n	Sed posuere consectetur est at lobortis. Curabitur blandit tempus porttitor. Nullam id dolor id nibh ultricies vehicula ut id elit. Vestibulum id ligula porta felis euismod semper. Nullam quis risus eget urna mollis ornare vel eu leo. Maecenas faucibus mollis interdum.</p><p>\r\n	Integer posuere erat a ante venenatis dapibus posuere velit aliquet. Aenean eu leo quam. Pellentesque ornare sem lacinia quam venenatis vestibulum. Donec sed odio dui. Maecenas sed diam eget risus varius blandit sit amet non magna. Aenean eu leo quam. Pellentesque ornare sem lacinia quam venenatis vestibulum. Nulla vitae elit libero, a pharetra augue. Curabitur blandit tempus porttitor.</p>',null,null,null,null,null,null,null,null,null,null,null,null,null,null,null,null,null,null,null,null,null,null,null,null,'0000',null,null,null,null,null,null,null,null,null,null,null,null,null,'2014-06-06 04:07:49','2014-06-06 04:07:49','98b6d099-32d1-4708-8dc5-eb5b62173dcb'),
 ('20','22','en_us','Fees',null,'<h4>Fees Heading</h4><p>\r\n	Maecenas faucibus mollis interdum. Nullam id dolor id nibh ultricies vehicula ut id elit. Vivamus sagittis lacus vel augue laoreet rutrum faucibus dolor auctor. Donec sed odio dui. Donec sed odio dui. Morbi leo risus, porta ac consectetur ac, vestibulum at eros. Curabitur blandit tempus porttitor.</p><p>\r\n	Sed posuere consectetur est at lobortis. Aenean lacinia bibendum nulla sed consectetur. Nullam quis risus eget urna mollis ornare vel eu leo. Nulla vitae elit libero, a pharetra augue. Etiam porta sem malesuada magna mollis euismod. Aenean eu leo quam. Pellentesque ornare sem lacinia quam venenatis vestibulum.</p><p>\r\n	Sed posuere consectetur est at lobortis. Curabitur blandit tempus porttitor. Nullam id dolor id nibh ultricies vehicula ut id elit. Vestibulum id ligula porta felis euismod semper. Nullam quis risus eget urna mollis ornare vel eu leo. Maecenas faucibus mollis interdum.</p><p>\r\n	Integer posuere erat a ante venenatis dapibus posuere velit aliquet. Aenean eu leo quam. Pellentesque ornare sem lacinia quam venenatis vestibulum. Donec sed odio dui. Maecenas sed diam eget risus varius blandit sit amet non magna. Aenean eu leo quam. Pellentesque ornare sem lacinia quam venenatis vestibulum. Nulla vitae elit libero, a pharetra augue. Curabitur blandit tempus porttitor.</p>',null,null,null,null,null,null,null,null,null,null,null,null,null,null,null,null,null,null,null,null,null,null,null,null,'0000',null,null,null,null,null,null,null,null,null,null,null,null,null,'2014-06-06 04:08:32','2014-06-06 04:08:32','6230dc52-fc86-4bd9-8e1c-b5ce2913f53a'),
 ('22','24','en_us','New Houses',null,null,null,null,null,null,null,null,null,null,null,null,null,null,null,null,null,null,null,null,null,null,null,null,null,null,'0000',null,null,null,null,null,null,null,null,null,null,null,null,null,'2014-06-07 23:09:56','2014-06-07 23:09:56','f329ed5b-b653-4185-95ac-ef740185eb61'),
 ('23','25','en_us','In Progress',null,null,null,null,null,null,null,null,null,null,null,null,null,null,null,null,null,null,null,null,null,null,null,null,null,null,'0000',null,null,null,null,null,null,null,null,null,null,null,null,null,'2014-06-07 23:10:05','2014-06-07 23:10:05','3a491201-d6ee-432b-b40f-db9f4e7d761d'),
 ('24','26','en_us','Hopetoun Avenue House',null,null,null,null,null,null,null,null,null,null,null,null,null,null,null,null,null,null,null,null,null,null,null,'<p>Located on a steep site, this modern 5 level home was designed to maximize the views and take advantage of its northern orientation.  The building’s form combines horizontal bands of rendered masonry which are complimented by a vertical double height glazed entry volume. The large skillion roof completes the building providing shade to the outdoor terraces.</p>','Hopetoun Avenue House','N/A','2006','SF Hough Pty Ltd','','','[\"showSuburb\",\"showCompleted\",\"showBuilder\",\"showArea\",\"showPhotographer\"]','[\"showSuburb\"]',null,null,null,null,null,null,null,null,'2014-06-07 23:37:05','2014-06-17 22:02:18','341a092c-e487-4217-baa9-53c5ab39bc36'),
 ('25','27','en_us','project-thumb-480x320',null,null,null,null,null,null,null,null,null,null,null,null,null,null,null,null,null,null,null,null,null,null,null,null,null,null,null,null,null,null,null,null,null,null,null,null,null,null,null,null,'2014-06-07 23:53:30','2014-06-07 23:53:30','4b753c74-3b3a-47f5-bf96-17ee016adbfb'),
 ('26','28','en_us','project-slide-1470x830',null,null,null,null,null,null,null,null,null,null,null,null,null,null,null,null,null,null,null,null,null,null,null,null,null,null,null,null,null,null,null,null,null,null,null,null,null,null,null,null,'2014-06-07 23:58:11','2014-06-07 23:58:11','4dfa81d2-a3df-44ba-a39e-b5a9034830ed'),
 ('27','32','en_us','Apartments',null,null,null,null,null,null,null,null,null,null,null,null,null,null,null,null,null,null,null,null,null,null,null,null,null,null,null,null,null,null,null,null,null,null,null,null,null,null,null,null,'2014-06-07 23:59:09','2014-06-07 23:59:09','6baf5377-833b-48f6-b260-dc1502c72258'),
 ('28','33','en_us','Commercial',null,null,null,null,null,null,null,null,null,null,null,null,null,null,null,null,null,null,null,null,null,null,null,null,null,null,null,null,null,null,null,null,null,null,null,null,null,null,null,null,'2014-06-07 23:59:14','2014-06-07 23:59:14','6ee00055-9131-4702-a471-ff02fc282468'),
 ('29','34','en_us','Alterations & Additions',null,null,null,null,null,null,null,null,null,null,null,null,null,null,null,null,null,null,null,null,null,null,null,null,null,null,null,null,null,null,null,null,null,null,null,null,null,null,null,null,'2014-06-07 23:59:23','2014-06-07 23:59:23','b26e7d3c-eced-4bc2-b608-ac9144778ed8'),
 ('30','35','en_us','hopetounave-thumb',null,null,null,null,null,null,null,null,null,null,null,null,null,null,null,null,null,null,null,null,null,null,null,null,null,null,null,null,null,null,null,null,null,null,null,null,null,null,null,null,'2014-06-08 00:22:14','2014-06-08 00:22:14','aa3d16e5-330b-4da0-a91f-41c04d0112a7'),
 ('31','36','en_us','hometounave-slide-1',null,null,null,null,null,null,null,null,null,null,null,null,null,null,null,null,null,null,null,null,null,null,null,null,null,null,null,null,null,null,null,null,null,null,null,null,null,null,null,null,'2014-06-08 00:26:53','2014-06-08 00:26:53','f255d9c0-e624-4a08-94fd-0b572d37feee'),
 ('32','37','en_us','hometounave-slide-2',null,null,null,null,null,null,null,null,null,null,null,null,null,null,null,null,null,null,null,null,null,null,null,null,null,null,null,null,null,null,null,null,null,null,null,null,null,null,null,null,'2014-06-08 00:26:54','2014-06-08 00:26:54','4d26ca36-020c-41a5-b7f6-04435b6c9cfe'),
 ('33','38','en_us','hometounave-slide-3',null,null,null,null,null,null,null,null,null,null,null,null,null,null,null,null,null,null,null,null,null,null,null,null,null,null,null,null,null,null,null,null,null,null,null,null,null,null,null,null,'2014-06-08 00:26:55','2014-06-08 00:26:55','7345a6ed-ef7a-4d23-a506-88cfb7728ebc'),
 ('34','39','en_us','hometounave-slide-4',null,null,null,null,null,null,null,null,null,null,null,null,null,null,null,null,null,null,null,null,null,null,null,null,null,null,null,null,null,null,null,null,null,null,null,null,null,null,null,null,'2014-06-08 00:26:55','2014-06-08 00:26:55','cf020d0d-731f-47e0-8f35-32588715cb30'),
 ('35','40','en_us','hometounave-slide-5',null,null,null,null,null,null,null,null,null,null,null,null,null,null,null,null,null,null,null,null,null,null,null,null,null,null,null,null,null,null,null,null,null,null,null,null,null,null,null,null,'2014-06-08 00:26:56','2014-06-08 00:26:56','e9b748b7-d844-48d0-8d37-759aecee6081'),
 ('36','41','en_us','hometounave-slide-6',null,null,null,null,null,null,null,null,null,null,null,null,null,null,null,null,null,null,null,null,null,null,null,null,null,null,null,null,null,null,null,null,null,null,null,null,null,null,null,null,'2014-06-08 00:26:57','2014-06-08 00:26:57','79cef755-57a3-42e3-9a95-a7f61cf94184'),
 ('37','42','en_us','hometounave-slide-7',null,null,null,null,null,null,null,null,null,null,null,null,null,null,null,null,null,null,null,null,null,null,null,null,null,null,null,null,null,null,null,null,null,null,null,null,null,null,null,null,'2014-06-08 00:26:58','2014-06-08 00:26:58','81537cba-8f22-40b5-8d38-735b02340c32'),
 ('39','48','en_us','The-Proposal-Checklist',null,null,null,null,null,null,null,null,null,null,null,null,null,null,null,null,null,null,null,null,null,null,null,null,null,null,null,null,null,null,null,null,null,null,null,null,null,null,null,null,'2014-06-11 01:02:26','2014-06-11 01:02:26','f29e8196-652c-4f3f-bca2-dce58c5cfe5e'),
 ('42','54','en_us',null,null,null,null,null,null,null,null,null,null,null,null,null,null,null,null,null,null,null,null,null,null,null,null,null,null,null,null,null,null,null,null,null,null,'Corben Architects is an experienced, Sydney based, architectural practice committed to the creation of great buildings.','apartment developments, Corben Architects, architectural design, heritage restoration to innovative contemporary design, Sydney, Sydney City, Mosman, Manly, North Sydney, Willoughby, Warringah, Pittwater, Woollahra, beach houses, mountain lodges, Australia','Janelle Alexander','',null,null,null,'2014-06-14 20:10:45','2014-06-14 20:12:06','c7c80163-ea5b-4a06-8b69-31797a84cdde'),
 ('43','55','en_us','Award Title One',null,null,null,null,null,null,null,null,null,null,null,null,null,null,null,null,null,null,null,null,null,null,null,null,null,null,null,null,null,null,null,null,null,null,null,null,null,null,'Award Subtitle One','2014-05-31 14:00:00','2014-06-18 22:24:35','2014-06-19 00:59:46','659bffb3-76ef-4799-9b1b-88770e6c4697'),
 ('44','58','en_us','Award Title Two',null,null,null,null,null,null,null,null,null,null,null,null,null,null,null,null,null,null,null,null,null,null,null,null,null,null,null,null,null,null,null,null,null,null,null,null,null,null,'Award Two Subtitle','2014-04-30 14:00:00','2014-06-18 22:27:28','2014-06-19 00:59:40','97f66465-b667-4aac-83f2-504990573e6c'),
 ('45','60','en_us','Hopetoun Ave House',null,null,null,null,null,null,null,null,null,null,null,null,null,null,null,null,null,null,null,null,null,null,null,null,null,null,null,null,null,null,null,null,null,null,null,null,null,null,'Hopetoun Ave Subtitle','2014-05-19 14:00:00','2014-06-18 23:05:17','2014-06-18 23:05:17','944d5d1e-6f6c-4a54-9582-e4bc014be901');

CREATE TABLE `craft_deprecationerrors` (
  `id` int(11) NOT NULL AUTO_INCREMENT,
  `key` varchar(255) COLLATE utf8_unicode_ci NOT NULL,
  `fingerprint` varchar(255) COLLATE utf8_unicode_ci NOT NULL,
  `lastOccurrence` datetime NOT NULL,
  `file` varchar(255) COLLATE utf8_unicode_ci NOT NULL,
  `line` smallint(6) unsigned NOT NULL,
  `class` varchar(255) COLLATE utf8_unicode_ci DEFAULT NULL,
  `method` varchar(255) COLLATE utf8_unicode_ci DEFAULT NULL,
  `template` varchar(255) COLLATE utf8_unicode_ci DEFAULT NULL,
  `templateLine` smallint(6) unsigned DEFAULT NULL,
  `message` varchar(255) COLLATE utf8_unicode_ci DEFAULT NULL,
  `traces` text COLLATE utf8_unicode_ci,
  `dateCreated` datetime NOT NULL,
  `dateUpdated` datetime NOT NULL,
  `uid` char(36) COLLATE utf8_unicode_ci NOT NULL DEFAULT '0',
  PRIMARY KEY (`id`),
  UNIQUE KEY `craft_deprecationerrors_key_fingerprint_unq_idx` (`key`,`fingerprint`)
) ENGINE=InnoDB DEFAULT CHARSET=utf8 COLLATE=utf8_unicode_ci;


CREATE TABLE `craft_elements` (
  `id` int(11) NOT NULL AUTO_INCREMENT,
  `type` varchar(150) COLLATE utf8_unicode_ci NOT NULL,
  `enabled` tinyint(1) unsigned NOT NULL DEFAULT '1',
  `archived` tinyint(1) unsigned NOT NULL DEFAULT '0',
  `dateCreated` datetime NOT NULL,
  `dateUpdated` datetime NOT NULL,
  `uid` char(36) COLLATE utf8_unicode_ci NOT NULL DEFAULT '0',
  PRIMARY KEY (`id`),
  KEY `craft_elements_type_idx` (`type`),
  KEY `craft_elements_enabled_idx` (`enabled`),
  KEY `craft_elements_archived_idx` (`archived`)
) ENGINE=InnoDB AUTO_INCREMENT=64 DEFAULT CHARSET=utf8 COLLATE=utf8_unicode_ci;

insert into `craft_elements` values('1','User','1','0','2014-05-10 01:07:35','2014-05-10 01:10:15','a3ef95bc-674c-449d-8e89-41d0e3db6473'),
 ('2','Entry','1','0','2014-05-10 01:07:38','2014-06-11 01:45:48','5441e244-f778-46f8-bc17-ab4f2cf23775'),
 ('4','User','1','0','2014-05-10 01:19:53','2014-06-17 21:32:30','082019bc-b765-4e49-8caa-1b89880828f6'),
 ('5','Entry','1','0','2014-06-05 03:01:30','2014-06-14 23:41:01','63572e44-0f11-46dd-88b4-92ec10293359'),
 ('6','Entry','1','0','2014-06-05 23:43:39','2014-06-06 00:08:28','220f6484-c569-418e-9cf2-7cd5c7ce6668'),
 ('7','Entry','1','0','2014-06-05 23:59:00','2014-06-06 00:08:37','3ed09889-9b98-414c-bb0d-6f130f6d7932'),
 ('8','Entry','1','0','2014-06-06 00:01:04','2014-06-06 00:08:50','15f2c789-4197-4a0d-90ad-bdbc537b8cf0'),
 ('9','Asset','1','0','2014-06-06 00:06:20','2014-06-07 23:53:29','7b768b90-d374-4da5-8076-ed6c6b83504c'),
 ('10','Asset','1','0','2014-06-06 00:37:47','2014-06-07 23:53:30','85981553-8341-4dea-8e5e-a2f098581450'),
 ('11','Entry','1','0','2014-06-06 00:39:04','2014-06-06 00:59:51','31987fab-cb24-4797-b55c-f20571295069'),
 ('12','Entry','1','0','2014-06-06 00:50:46','2014-06-06 00:59:28','d8e9f26a-8cdc-4844-bda5-f9783e3c9279'),
 ('13','GlobalSet','1','0','2014-06-06 01:22:18','2014-06-06 01:34:36','46ada4c9-46fe-4c09-80c9-eb9e2a1f7806'),
 ('14','MatrixBlock','1','0','2014-06-06 01:33:18','2014-06-06 01:34:36','0bd0c89e-7cac-41c1-9170-a387b54e0e62'),
 ('15','MatrixBlock','1','0','2014-06-06 01:33:18','2014-06-06 01:34:36','0b12f25c-5427-4c97-8411-bb3fe76cd330'),
 ('16','Asset','1','0','2014-06-06 04:00:45','2014-06-07 23:53:30','92a8fe52-10f4-44a7-a841-e8c84b5a83de'),
 ('17','Entry','1','0','2014-06-06 04:01:51','2014-06-06 04:01:51','dccaf1d5-2469-4f8f-85da-aa5bfcea8d80'),
 ('18','Entry','1','0','2014-06-06 04:02:34','2014-06-06 04:02:34','f4210688-d67f-4f4a-9e50-e42aec05a93d'),
 ('19','Entry','1','0','2014-06-06 04:06:51','2014-06-14 19:15:34','b34cfd90-fcd5-4386-86fb-41f8f4ed9dfa'),
 ('20','Entry','1','0','2014-06-06 04:07:19','2014-06-06 04:07:59','d532ca00-2179-432e-8314-18a6a71ee2f2'),
 ('21','Entry','1','0','2014-06-06 04:07:49','2014-06-06 04:07:49','4ab7d672-f1aa-403b-8bb7-1f6f5db6b4e0'),
 ('22','Entry','1','0','2014-06-06 04:08:32','2014-06-06 04:08:32','370b2fa4-1aac-485a-a697-4dfea59246f1'),
 ('24','Category','1','0','2014-06-07 23:09:56','2014-06-07 23:09:56','846475e4-1d0d-4aac-81ec-8fae65bb353f'),
 ('25','Category','1','0','2014-06-07 23:10:05','2014-06-07 23:10:05','c7f94457-8c39-4b2d-b4b9-1c9a4af96eb6'),
 ('26','Entry','1','0','2014-06-07 23:37:05','2014-06-17 22:02:18','b45ef950-16d6-4cf8-825a-cbb70597c7f3'),
 ('27','Asset','1','0','2014-06-07 23:53:30','2014-06-07 23:53:30','f2e92845-5960-4ad6-a5f9-4b82f2874259'),
 ('28','Asset','1','0','2014-06-07 23:58:11','2014-06-07 23:58:11','92d3efd7-5848-4c97-bc82-3aebfb9c8ae5'),
 ('29','MatrixBlock','1','0','2014-06-07 23:58:51','2014-06-17 22:02:18','45217a28-1410-4926-9dc1-3630b7e92637'),
 ('30','MatrixBlock','1','0','2014-06-07 23:58:51','2014-06-17 22:02:18','65521fcc-145e-4b2e-ac02-792d73f34034'),
 ('31','MatrixBlock','1','0','2014-06-07 23:58:51','2014-06-17 22:02:18','dc91a387-2a0c-427f-b4b3-b68d6b8960d6'),
 ('32','Category','1','0','2014-06-07 23:59:09','2014-06-07 23:59:09','5840d621-54fe-4f4b-8fde-207a7385e4a2'),
 ('33','Category','1','0','2014-06-07 23:59:14','2014-06-07 23:59:14','e3fe865c-3d1b-4a53-b18b-e0fb3c0c556b'),
 ('34','Category','1','0','2014-06-07 23:59:23','2014-06-07 23:59:23','a66bbb15-8010-4b40-86d8-8f61543bf40e'),
 ('35','Asset','1','0','2014-06-08 00:22:14','2014-06-08 00:22:14','fa58bf81-006c-49fe-adf2-95e11c1063b1'),
 ('36','Asset','1','0','2014-06-08 00:26:53','2014-06-08 00:26:53','22b2197c-3c70-4fbc-92d0-0c18c8ddbb1a'),
 ('37','Asset','1','0','2014-06-08 00:26:54','2014-06-08 00:26:54','eb797388-428a-4f2c-b38e-e0bff876228d'),
 ('38','Asset','1','0','2014-06-08 00:26:55','2014-06-08 00:26:55','ad527eae-7311-4d48-a21b-7680737ac622'),
 ('39','Asset','1','0','2014-06-08 00:26:55','2014-06-08 00:26:55','a40b3b5c-4e80-421d-bcc3-0988e03d77bf'),
 ('40','Asset','1','0','2014-06-08 00:26:56','2014-06-08 00:26:56','b8ab7ce2-1017-483a-851b-23d100732986'),
 ('41','Asset','1','0','2014-06-08 00:26:57','2014-06-08 00:26:57','9ce715c3-bc83-4039-8696-382e4b44f58e'),
 ('42','Asset','1','0','2014-06-08 00:26:58','2014-06-08 00:26:58','721182ce-4654-48ab-84c5-e38f9bb53fc0'),
 ('43','MatrixBlock','1','0','2014-06-08 00:28:29','2014-06-17 22:02:18','71389ac6-e8ff-48b6-96a8-504474e0d996'),
 ('44','MatrixBlock','1','0','2014-06-08 00:28:29','2014-06-17 22:02:18','cabebf0a-14d7-47ff-9e5c-29342d54aa9f'),
 ('45','MatrixBlock','1','0','2014-06-08 00:28:29','2014-06-17 22:02:18','8f3397ba-0238-4c1e-95ee-d3bc3b2eca4f'),
 ('46','MatrixBlock','1','0','2014-06-08 00:28:29','2014-06-17 22:02:18','2fc5b398-9b7f-4b61-b5db-05c63b49c0cf'),
 ('48','Asset','1','0','2014-06-11 01:02:26','2014-06-11 01:02:26','a81e0923-1e08-462a-8fa0-1333c35b4a86'),
 ('49','MatrixBlock','1','0','2014-06-11 01:41:08','2014-06-11 01:45:48','ff990348-99bd-4240-88ee-8f54b161da3d'),
 ('50','MatrixBlock','1','0','2014-06-11 01:41:08','2014-06-11 01:45:48','e5fe3721-3576-47f1-8c05-ac209a5303f5'),
 ('51','MatrixBlock','1','0','2014-06-11 01:41:08','2014-06-11 01:45:48','5b25fe7f-d741-458c-aa99-922f019f9faf'),
 ('54','GlobalSet','1','0','2014-06-14 20:10:45','2014-06-14 20:12:06','a3f8482b-7fcb-49eb-ae0f-954e54740030'),
 ('55','Entry','1','0','2014-06-18 22:24:35','2014-06-19 00:59:46','29e7fd5a-9623-436d-b77d-5cd4d4d0a8f9'),
 ('56','MatrixBlock','1','0','2014-06-18 22:24:35','2014-06-19 00:59:46','53792370-438a-4715-99c6-44962747ee22'),
 ('57','MatrixBlock','1','0','2014-06-18 22:24:35','2014-06-19 00:59:46','9e853d7a-0389-4d0c-b8f1-db8149fa5b8f'),
 ('58','Entry','1','0','2014-06-18 22:27:28','2014-06-19 00:59:40','e78574e0-1cd1-4c4a-ae30-2e78aaa97a3c'),
 ('60','Entry','1','0','2014-06-18 23:05:17','2014-06-18 23:05:17','30adec88-d811-4617-a856-34b0e8881cbb'),
 ('61','MatrixBlock','1','0','2014-06-18 23:05:17','2014-06-18 23:05:17','2f4ee3fd-a740-4214-bd21-715ad29c830f'),
 ('62','MatrixBlock','1','0','2014-06-18 23:05:17','2014-06-18 23:05:17','5b84e909-a209-43dc-8379-95a316747cbb'),
 ('63','MatrixBlock','1','0','2014-06-18 23:05:17','2014-06-18 23:05:17','45be7a62-bbb2-466a-9502-b082bc592d07');

CREATE TABLE `craft_elements_i18n` (
  `id` int(11) NOT NULL AUTO_INCREMENT,
  `elementId` int(11) NOT NULL,
  `locale` char(12) COLLATE utf8_unicode_ci NOT NULL,
  `slug` varchar(255) COLLATE utf8_unicode_ci DEFAULT NULL,
  `uri` varchar(255) COLLATE utf8_unicode_ci DEFAULT NULL,
  `enabled` tinyint(1) unsigned NOT NULL DEFAULT '1',
  `dateCreated` datetime NOT NULL,
  `dateUpdated` datetime NOT NULL,
  `uid` char(36) COLLATE utf8_unicode_ci NOT NULL DEFAULT '0',
  PRIMARY KEY (`id`),
  UNIQUE KEY `craft_elements_i18n_elementId_locale_unq_idx` (`elementId`,`locale`),
  UNIQUE KEY `craft_elements_i18n_uri_locale_unq_idx` (`uri`,`locale`),
  KEY `craft_elements_i18n_slug_locale_idx` (`slug`,`locale`),
  KEY `craft_elements_i18n_enabled_idx` (`enabled`),
  KEY `craft_elements_i18n_locale_fk` (`locale`),
  CONSTRAINT `craft_elements_i18n_elementId_fk` FOREIGN KEY (`elementId`) REFERENCES `craft_elements` (`id`) ON DELETE CASCADE,
  CONSTRAINT `craft_elements_i18n_locale_fk` FOREIGN KEY (`locale`) REFERENCES `craft_locales` (`locale`) ON DELETE CASCADE ON UPDATE CASCADE
) ENGINE=InnoDB AUTO_INCREMENT=65 DEFAULT CHARSET=utf8 COLLATE=utf8_unicode_ci;

insert into `craft_elements_i18n` values('1','1','en_us','',null,'1','2014-05-10 01:07:35','2014-05-10 01:10:15','c4f2ac97-c15a-4c33-abd4-f31db5770672'),
 ('2','2','en_us','homepage','__home__','1','2014-05-10 01:07:38','2014-06-11 01:45:48','925a1e71-57e7-48ed-a981-4f0cdbe62f93'),
 ('4','4','en_us','',null,'1','2014-05-10 01:19:53','2014-06-17 21:32:30','0e4e261e-9351-498f-a98a-9dc24743b267'),
 ('5','5','en_us','place','place','1','2014-06-05 03:01:30','2014-06-14 23:41:01','1e4f65da-d6b1-44dd-9a02-1e1de2125678'),
 ('6','6','en_us','ryan-belisle',null,'1','2014-06-05 23:43:39','2014-06-06 00:08:28','6f817ed2-ea7b-4ead-aed6-4aa553a13e4a'),
 ('7','7','en_us','first-last',null,'1','2014-06-05 23:59:00','2014-06-06 00:08:37','e84e6ee2-bfec-4087-81d2-002b36f48979'),
 ('8','8','en_us','staff-lastname',null,'1','2014-06-06 00:01:04','2014-06-06 00:08:50','87187a40-d013-4b21-82e2-ac952f95533f'),
 ('9','9','en_us','employee-photo-480x320',null,'1','2014-06-06 00:06:20','2014-06-07 23:53:29','520387eb-01e1-4712-90a5-dc97789a6a34'),
 ('10','10','en_us','news-post-1470x830',null,'1','2014-06-06 00:37:47','2014-06-07 23:53:30','9b476c40-9152-4c1a-be0c-7847decab3bd'),
 ('11','11','en_us','this-is-the-news-post-one-title','news/this-is-the-news-post-one-title','1','2014-06-06 00:39:04','2014-06-06 00:59:51','2780328d-768e-418a-a360-e8cb73e75430'),
 ('12','12','en_us','news-post-two-title-intro-hidden-on-post-page','news/news-post-two-title-intro-hidden-on-post-page','1','2014-06-06 00:50:46','2014-06-06 00:59:28','ca9b9fe0-82a5-4232-87e6-58c265ee9cc8'),
 ('13','13','en_us','',null,'1','2014-06-06 01:22:18','2014-06-06 01:34:36','6609c148-22a9-4fd3-b1c6-2fefe910e050'),
 ('14','14','en_us','',null,'1','2014-06-06 01:33:18','2014-06-06 01:34:36','a4724059-0a9b-4da7-b6b4-985ff5ff793c'),
 ('15','15','en_us','',null,'1','2014-06-06 01:33:18','2014-06-06 01:34:36','63fbee16-96c4-4f06-b413-489964062100'),
 ('16','16','en_us','page-img-1050x700',null,'1','2014-06-06 04:00:45','2014-06-07 23:53:30','96a6420b-2bf4-47f2-92a3-69454f84e94e'),
 ('17','17','en_us','disclaimer','disclaimer','1','2014-06-06 04:01:51','2014-06-06 04:01:51','a2a1c1c9-6fc9-4d83-8df2-607a915a33dc'),
 ('18','18','en_us','privacy-policy','privacy-policy','1','2014-06-06 04:02:34','2014-06-06 04:02:34','70020e5a-b2ae-4ed1-85a0-4250b1ce24c4'),
 ('19','19','en_us','about','about','1','2014-06-06 04:06:51','2014-06-14 19:15:34','6a86fc27-21cc-4076-bbe7-4fd6b214bde0'),
 ('20','20','en_us','architecture','architecture','1','2014-06-06 04:07:19','2014-06-06 04:07:59','05e1a169-53e4-4b06-a5ac-b0561e8ab84a'),
 ('21','21','en_us','service','service','1','2014-06-06 04:07:49','2014-06-06 04:07:49','ed3db687-e5c8-4e58-bde1-2c776c5e3d76'),
 ('22','22','en_us','fees','fees','1','2014-06-06 04:08:32','2014-06-06 04:08:32','73ead4dc-fdd4-482c-9420-a72333334c7a'),
 ('24','24','en_us','new-houses','projects/new-houses','1','2014-06-07 23:09:56','2014-06-07 23:09:56','68e4d5f3-9cde-4964-b27a-6654cf49eace'),
 ('25','25','en_us','in-progress','projects/in-progress','1','2014-06-07 23:10:05','2014-06-07 23:59:53','a7e4213b-1c9b-4107-b1d5-5227a3124b07'),
 ('26','26','en_us','hopetoun-avenue-house','projects/hopetoun-avenue-house','1','2014-06-07 23:37:05','2014-06-17 22:02:18','6565da6f-34ea-4bc7-b17e-520a6c06c4ea'),
 ('27','27','en_us','project-thumb-480x320',null,'1','2014-06-07 23:53:30','2014-06-07 23:53:30','d855e04c-64ad-48d4-b7fa-7776d46b39e0'),
 ('28','28','en_us','project-slide-1470x830',null,'1','2014-06-07 23:58:11','2014-06-07 23:58:11','3fc7563c-7362-4e7c-9e0f-b8e0cbf64e30'),
 ('29','29','en_us','',null,'1','2014-06-07 23:58:51','2014-06-17 22:02:18','7cf4856f-4527-4328-933c-6d15f1185aae'),
 ('30','30','en_us','',null,'1','2014-06-07 23:58:51','2014-06-17 22:02:18','c04b922c-95c0-47fb-8634-77ecd688fa79'),
 ('31','31','en_us','',null,'1','2014-06-07 23:58:51','2014-06-17 22:02:18','7a909fb0-6e0e-4d62-8547-ceea700b16c1'),
 ('32','32','en_us','apartments','projects/apartments','1','2014-06-07 23:59:09','2014-06-07 23:59:56','c3fde439-e503-4801-8b8c-8bbef9b5a77c'),
 ('33','33','en_us','commercial','projects/commercial','1','2014-06-07 23:59:14','2014-06-08 00:00:01','9e36a256-b759-4293-8007-a2d562ff8a22'),
 ('34','34','en_us','alterations-additions','projects/alterations-additions','1','2014-06-07 23:59:24','2014-06-07 23:59:31','92657de5-feba-442e-9452-4149336200ef'),
 ('35','35','en_us','hopetounave-thumb',null,'1','2014-06-08 00:22:14','2014-06-08 00:22:14','d2a01e58-b38f-4a4c-a24b-9259a8b54ccc'),
 ('36','36','en_us','hometounave-slide-1',null,'1','2014-06-08 00:26:53','2014-06-08 00:26:53','ec7b6464-2f2d-492d-bcd6-84b75320109c'),
 ('37','37','en_us','hometounave-slide-2',null,'1','2014-06-08 00:26:54','2014-06-08 00:26:54','d037d1f1-78af-4985-b18b-61236200199e'),
 ('38','38','en_us','hometounave-slide-3',null,'1','2014-06-08 00:26:55','2014-06-08 00:26:55','5d7ecb2d-4aba-487e-a093-a515c21da1a1'),
 ('39','39','en_us','hometounave-slide-4',null,'1','2014-06-08 00:26:55','2014-06-08 00:26:55','d8b87f11-f458-43fd-b62d-eb689e8e112f'),
 ('40','40','en_us','hometounave-slide-5',null,'1','2014-06-08 00:26:56','2014-06-08 00:26:56','bc1a29ed-ced5-4186-9bab-37153d5521a3'),
 ('41','41','en_us','hometounave-slide-6',null,'1','2014-06-08 00:26:57','2014-06-08 00:26:57','1d677d07-8af5-47ee-bc87-d48a3092c65c'),
 ('42','42','en_us','hometounave-slide-7',null,'1','2014-06-08 00:26:58','2014-06-08 00:26:58','15dcdfc8-35dc-4014-8e26-16c082df5e13'),
 ('43','43','en_us','',null,'1','2014-06-08 00:28:29','2014-06-17 22:02:18','e49e09d2-b05d-40a3-8c7a-c7dc7ffe7bad'),
 ('44','44','en_us','',null,'1','2014-06-08 00:28:29','2014-06-17 22:02:18','26019916-7341-48c7-acc1-616ea1b077dd'),
 ('45','45','en_us','',null,'1','2014-06-08 00:28:29','2014-06-17 22:02:18','c5e22055-ddef-4745-8150-73b4ca31edb2'),
 ('46','46','en_us','',null,'1','2014-06-08 00:28:29','2014-06-17 22:02:18','1cb426b2-7c40-48d3-89f9-76a355025c4d'),
 ('48','48','en_us','the-proposal-checklist',null,'1','2014-06-11 01:02:26','2014-06-11 01:02:26','86d9cb6e-731c-4c7d-a158-cb95c5f66224'),
 ('50','49','en_us','',null,'1','2014-06-11 01:41:08','2014-06-11 01:45:48','09c0e44d-40aa-46cc-8725-4524f6833afc'),
 ('51','50','en_us','',null,'1','2014-06-11 01:41:08','2014-06-11 01:45:48','f7ac2d15-2ef4-450b-9b51-ac180d9d9dc7'),
 ('52','51','en_us','',null,'1','2014-06-11 01:41:08','2014-06-11 01:45:48','5f5c4819-efa8-4167-b3f1-3c125af693ae'),
 ('55','54','en_us','',null,'1','2014-06-14 20:10:45','2014-06-14 20:12:06','56bb8736-3e70-454e-9de7-a7ea40d75d2e'),
 ('56','55','en_us','award-title-one','awards/award-title-one','1','2014-06-18 22:24:35','2014-06-19 00:59:46','2d9ca20c-fe1a-4019-9c68-3d43b6734ead'),
 ('57','56','en_us','',null,'1','2014-06-18 22:24:35','2014-06-19 00:59:46','e3458a10-feb3-4b95-a8e8-05c388df1145'),
 ('58','57','en_us','',null,'1','2014-06-18 22:24:35','2014-06-19 00:59:46','59d3e8e9-782f-42a5-8508-de5db7fedf8b'),
 ('59','58','en_us','award-title-two','awards/award-title-two','1','2014-06-18 22:27:28','2014-06-19 00:59:40','8071fdb1-6c6e-416a-8d97-43a5a36d864f'),
 ('61','60','en_us','hopetoun-ave-house','awards/hopetoun-ave-house','1','2014-06-18 23:05:17','2014-06-18 23:05:17','6b94fe2d-89be-4c92-9ef4-65b79a74c2a4'),
 ('62','61','en_us','',null,'1','2014-06-18 23:05:17','2014-06-18 23:05:17','115bd503-3529-48f5-ae25-fc9a92f17e7c'),
 ('63','62','en_us','',null,'1','2014-06-18 23:05:17','2014-06-18 23:05:17','861c7858-8bb9-410b-a972-d6ca83179c27'),
 ('64','63','en_us','',null,'1','2014-06-18 23:05:17','2014-06-18 23:05:17','f9e716d4-d453-4772-b90e-d934b438ae9a');

CREATE TABLE `craft_emailmessages` (
  `id` int(11) NOT NULL AUTO_INCREMENT,
  `key` char(150) COLLATE utf8_unicode_ci NOT NULL,
  `locale` char(12) COLLATE utf8_unicode_ci NOT NULL,
  `subject` varchar(1000) COLLATE utf8_unicode_ci NOT NULL,
  `body` text COLLATE utf8_unicode_ci NOT NULL,
  `dateCreated` datetime NOT NULL,
  `dateUpdated` datetime NOT NULL,
  `uid` char(36) COLLATE utf8_unicode_ci NOT NULL DEFAULT '0',
  PRIMARY KEY (`id`),
  UNIQUE KEY `craft_emailmessages_key_locale_unq_idx` (`key`,`locale`),
  KEY `craft_emailmessages_locale_fk` (`locale`),
  CONSTRAINT `craft_emailmessages_locale_fk` FOREIGN KEY (`locale`) REFERENCES `craft_locales` (`locale`) ON DELETE CASCADE ON UPDATE CASCADE
) ENGINE=InnoDB DEFAULT CHARSET=utf8 COLLATE=utf8_unicode_ci;


CREATE TABLE `craft_entries` (
  `id` int(11) NOT NULL,
  `sectionId` int(11) NOT NULL,
  `typeId` int(11) DEFAULT NULL,
  `authorId` int(11) DEFAULT NULL,
  `postDate` datetime DEFAULT NULL,
  `expiryDate` datetime DEFAULT NULL,
  `dateCreated` datetime NOT NULL,
  `dateUpdated` datetime NOT NULL,
  `uid` char(36) COLLATE utf8_unicode_ci NOT NULL DEFAULT '0',
  PRIMARY KEY (`id`),
  KEY `craft_entries_sectionId_idx` (`sectionId`),
  KEY `craft_entries_typeId_idx` (`typeId`),
  KEY `craft_entries_postDate_idx` (`postDate`),
  KEY `craft_entries_expiryDate_idx` (`expiryDate`),
  KEY `craft_entries_authorId_fk` (`authorId`),
  CONSTRAINT `craft_entries_authorId_fk` FOREIGN KEY (`authorId`) REFERENCES `craft_users` (`id`) ON DELETE CASCADE,
  CONSTRAINT `craft_entries_id_fk` FOREIGN KEY (`id`) REFERENCES `craft_elements` (`id`) ON DELETE CASCADE,
  CONSTRAINT `craft_entries_sectionId_fk` FOREIGN KEY (`sectionId`) REFERENCES `craft_sections` (`id`) ON DELETE CASCADE,
  CONSTRAINT `craft_entries_typeId_fk` FOREIGN KEY (`typeId`) REFERENCES `craft_entrytypes` (`id`) ON DELETE CASCADE
) ENGINE=InnoDB DEFAULT CHARSET=utf8 COLLATE=utf8_unicode_ci;

insert into `craft_entries` values('2','1','1',null,'2014-06-11 01:38:42',null,'2014-05-10 01:07:38','2014-06-11 01:45:48','9d1e7254-a6cc-48c7-83a0-6eb77cadfece'),
 ('5','3','3',null,'2014-06-05 03:01:30',null,'2014-06-05 03:01:30','2014-06-14 23:41:01','abe76e25-ae7e-480a-9123-309834f2b857'),
 ('6','4','4','1','2014-06-05 23:43:00',null,'2014-06-05 23:43:39','2014-06-06 00:08:28','cbbc653f-ea65-4cff-8c11-8f47c53eaa94'),
 ('7','4','4','1','2014-06-05 23:59:00',null,'2014-06-05 23:59:00','2014-06-06 00:08:37','8e64028b-8dc2-4e9f-85c6-c65c45392bd5'),
 ('8','4','4','1','2014-06-06 00:01:00',null,'2014-06-06 00:01:04','2014-06-06 00:08:50','a366ac7c-018a-451a-aed9-b1ad2fbdbeb7'),
 ('11','2','2','1','2014-06-06 00:39:00',null,'2014-06-06 00:39:04','2014-06-06 00:59:51','4d8e24e4-9869-4abc-9d43-2e6230ccb8bd'),
 ('12','2','2','1','2014-06-06 00:50:00',null,'2014-06-06 00:50:46','2014-06-06 00:59:28','f2b02667-8878-4823-bb6b-0fdedf305a04'),
 ('17','5','5','1','2014-06-06 04:01:51',null,'2014-06-06 04:01:51','2014-06-06 04:01:51','f580b5c6-bd80-4f2b-9713-ec2aec80131b'),
 ('18','5','5','1','2014-06-06 04:02:34',null,'2014-06-06 04:02:34','2014-06-06 04:02:34','490e1df4-4848-4777-8a18-8287318bbb1b'),
 ('19','5','5','1','2014-06-06 04:06:00',null,'2014-06-06 04:06:51','2014-06-14 19:15:34','fd2843ea-2a0c-43ee-898e-c581fbb35410'),
 ('20','5','5','1','2014-06-06 04:07:00',null,'2014-06-06 04:07:19','2014-06-06 04:07:59','676d7bcf-97a2-460a-bac8-a0a6300846ac'),
 ('21','5','5','1','2014-06-06 04:07:49',null,'2014-06-06 04:07:49','2014-06-06 04:07:49','4a1145a2-4715-445e-ae0f-59e5e4f048ad'),
 ('22','5','5','1','2014-06-06 04:08:32',null,'2014-06-06 04:08:32','2014-06-06 04:08:32','281bbd08-2250-4a83-bb87-7ed7087dff07'),
 ('26','6','6','1','2014-06-07 23:37:00',null,'2014-06-07 23:37:05','2014-06-17 22:02:18','fd8dce7f-0b08-4908-aa20-c7920ca2c7f0'),
 ('55','7','7','1','2014-06-18 22:24:00',null,'2014-06-18 22:24:35','2014-06-19 00:59:46','9a925e9f-9824-487a-8168-bce76d256703'),
 ('58','7','7','1','2014-06-18 22:27:00',null,'2014-06-18 22:27:28','2014-06-19 00:59:40','3de9bb4f-33cf-43fa-b233-84cdc3f8aa0b'),
 ('60','7','7','1','2014-06-18 23:05:17',null,'2014-06-18 23:05:17','2014-06-18 23:05:17','68e86b27-6d15-434a-9a49-b43081507b42');

CREATE TABLE `craft_entrydrafts` (
  `id` int(11) NOT NULL AUTO_INCREMENT,
  `entryId` int(11) NOT NULL,
  `sectionId` int(11) NOT NULL,
  `creatorId` int(11) NOT NULL,
  `locale` char(12) COLLATE utf8_unicode_ci NOT NULL,
  `name` varchar(255) COLLATE utf8_unicode_ci DEFAULT NULL,
  `data` mediumtext COLLATE utf8_unicode_ci NOT NULL,
  `dateCreated` datetime NOT NULL,
  `dateUpdated` datetime NOT NULL,
  `uid` char(36) COLLATE utf8_unicode_ci NOT NULL DEFAULT '0',
  PRIMARY KEY (`id`),
  KEY `craft_entrydrafts_entryId_locale_idx` (`entryId`,`locale`),
  KEY `craft_entrydrafts_sectionId_fk` (`sectionId`),
  KEY `craft_entrydrafts_creatorId_fk` (`creatorId`),
  KEY `craft_entrydrafts_locale_fk` (`locale`),
  CONSTRAINT `craft_entrydrafts_creatorId_fk` FOREIGN KEY (`creatorId`) REFERENCES `craft_users` (`id`) ON DELETE CASCADE,
  CONSTRAINT `craft_entrydrafts_entryId_fk` FOREIGN KEY (`entryId`) REFERENCES `craft_entries` (`id`) ON DELETE CASCADE,
  CONSTRAINT `craft_entrydrafts_locale_fk` FOREIGN KEY (`locale`) REFERENCES `craft_locales` (`locale`) ON DELETE CASCADE ON UPDATE CASCADE,
  CONSTRAINT `craft_entrydrafts_sectionId_fk` FOREIGN KEY (`sectionId`) REFERENCES `craft_sections` (`id`) ON DELETE CASCADE
) ENGINE=InnoDB DEFAULT CHARSET=utf8 COLLATE=utf8_unicode_ci;


CREATE TABLE `craft_entrytypes` (
  `id` int(11) NOT NULL AUTO_INCREMENT,
  `sectionId` int(11) NOT NULL,
  `fieldLayoutId` int(11) DEFAULT NULL,
  `name` varchar(255) COLLATE utf8_unicode_ci NOT NULL,
  `handle` varchar(255) COLLATE utf8_unicode_ci NOT NULL,
  `hasTitleField` tinyint(1) unsigned NOT NULL DEFAULT '1',
  `titleLabel` varchar(255) COLLATE utf8_unicode_ci DEFAULT 'Title',
  `titleFormat` varchar(255) COLLATE utf8_unicode_ci DEFAULT NULL,
  `sortOrder` tinyint(4) DEFAULT NULL,
  `dateCreated` datetime NOT NULL,
  `dateUpdated` datetime NOT NULL,
  `uid` char(36) COLLATE utf8_unicode_ci NOT NULL DEFAULT '0',
  PRIMARY KEY (`id`),
  UNIQUE KEY `craft_entrytypes_name_sectionId_unq_idx` (`name`,`sectionId`),
  UNIQUE KEY `craft_entrytypes_handle_sectionId_unq_idx` (`handle`,`sectionId`),
  KEY `craft_entrytypes_sectionId_fk` (`sectionId`),
  KEY `craft_entrytypes_fieldLayoutId_fk` (`fieldLayoutId`),
  CONSTRAINT `craft_entrytypes_fieldLayoutId_fk` FOREIGN KEY (`fieldLayoutId`) REFERENCES `craft_fieldlayouts` (`id`) ON DELETE SET NULL,
  CONSTRAINT `craft_entrytypes_sectionId_fk` FOREIGN KEY (`sectionId`) REFERENCES `craft_sections` (`id`) ON DELETE CASCADE
) ENGINE=InnoDB AUTO_INCREMENT=8 DEFAULT CHARSET=utf8 COLLATE=utf8_unicode_ci;

insert into `craft_entrytypes` values('1','1','45','Homepage','homepage','1',null,null,null,'2014-05-10 01:07:38','2014-06-11 01:39:21','cc793f3b-5ce9-4809-b760-20f9c0822493'),
 ('2','2','25','News','news','1','Title',null,null,'2014-05-10 01:07:38','2014-06-06 00:37:14','aaabbb99-a800-40a5-b7a9-da113145ce6e'),
 ('3','3','49','Place','place','1',null,null,null,'2014-06-05 03:01:30','2014-06-14 23:40:32','d7752a12-fad2-4af5-83d1-74a0b4fbc5ef'),
 ('4','4','17','People','people','0',null,'{employeeFirstName} {employeeLastName}',null,'2014-06-05 21:01:45','2014-06-05 23:43:27','44cdfe4f-ab0e-4909-92e5-7e2b24d5d11b'),
 ('5','5','34','Pages','pages','1','Title',null,null,'2014-06-06 03:53:32','2014-06-06 03:59:17','d4446044-14a5-41df-a61d-c1ab35e603ee'),
 ('6','6','44','Projects','projects','0',null,'{projectTitle}',null,'2014-06-07 23:12:22','2014-06-11 01:07:15','130c0b07-7e33-44d7-b935-84065c92b8b9'),
 ('7','7','59','Awards','awards','1','Title',null,null,'2014-06-18 22:21:35','2014-06-18 22:26:19','245201ff-a7c8-49d5-99e5-30b8c5d7b58a');

CREATE TABLE `craft_entryversions` (
  `id` int(11) NOT NULL AUTO_INCREMENT,
  `entryId` int(11) NOT NULL,
  `sectionId` int(11) NOT NULL,
  `creatorId` int(11) DEFAULT NULL,
  `locale` char(12) COLLATE utf8_unicode_ci NOT NULL,
  `notes` tinytext COLLATE utf8_unicode_ci,
  `data` mediumtext COLLATE utf8_unicode_ci NOT NULL,
  `dateCreated` datetime NOT NULL,
  `dateUpdated` datetime NOT NULL,
  `uid` char(36) COLLATE utf8_unicode_ci NOT NULL DEFAULT '0',
  PRIMARY KEY (`id`),
  KEY `craft_entryversions_entryId_locale_idx` (`entryId`,`locale`),
  KEY `craft_entryversions_sectionId_fk` (`sectionId`),
  KEY `craft_entryversions_creatorId_fk` (`creatorId`),
  KEY `craft_entryversions_locale_fk` (`locale`),
  CONSTRAINT `craft_entryversions_creatorId_fk` FOREIGN KEY (`creatorId`) REFERENCES `craft_users` (`id`) ON DELETE SET NULL,
  CONSTRAINT `craft_entryversions_entryId_fk` FOREIGN KEY (`entryId`) REFERENCES `craft_entries` (`id`) ON DELETE CASCADE,
  CONSTRAINT `craft_entryversions_locale_fk` FOREIGN KEY (`locale`) REFERENCES `craft_locales` (`locale`) ON DELETE CASCADE ON UPDATE CASCADE,
  CONSTRAINT `craft_entryversions_sectionId_fk` FOREIGN KEY (`sectionId`) REFERENCES `craft_sections` (`id`) ON DELETE CASCADE
) ENGINE=InnoDB AUTO_INCREMENT=111 DEFAULT CHARSET=utf8 COLLATE=utf8_unicode_ci;

insert into `craft_entryversions` values('1','5','3','1','en_us',null,'{\"authorId\":null,\"title\":\"Place\",\"slug\":\"place\",\"postDate\":1401937290,\"expiryDate\":null,\"enabled\":1,\"fields\":{\"4\":\"\",\"9\":\"\",\"7\":\"\",\"6\":\"\",\"8\":\"\",\"10\":\"Place\",\"5\":\"\"}}','2014-06-05 19:43:06','2014-06-05 19:43:06','1d78f542-79ed-4f1d-a207-854217358b4b'),
 ('2','5','3','1','en_us',null,'{\"authorId\":null,\"title\":\"Place\",\"slug\":\"place\",\"postDate\":1401937290,\"expiryDate\":null,\"enabled\":1,\"fields\":{\"4\":\"\",\"9\":\"<p>\\r\\n\\tLorem ipsum dolor sit amet, consectetur adipisicing elit. Minus sequi voluptatem voluptatum perspiciatis sed consequatur assumenda ratione id dolor alias provident rem modi deserunt odit laboriosam pariatur exercitationem atque quo?<\\/p>\",\"7\":\"\",\"6\":\"\",\"8\":\"\",\"10\":\"Place\",\"5\":\"\"}}','2014-06-05 19:45:45','2014-06-05 19:45:45','017fb1af-dc2c-4421-8813-7934f54d0c53'),
 ('3','5','3','1','en_us',null,'{\"authorId\":null,\"title\":\"Place\",\"slug\":\"place\",\"postDate\":1401937290,\"expiryDate\":null,\"enabled\":1,\"fields\":{\"4\":\"\",\"9\":\"<p>\\r\\n\\tLorem ipsum dolor sit amet, consectetur adipisicing elit. Minus sequi voluptatem voluptatum perspiciatis sed consequatur assumenda ratione id dolor alias provident rem modi deserunt odit laboriosam pariatur exercitationem atque quo? Test<\\/p>\",\"7\":\"\",\"6\":\"\",\"8\":\"\",\"10\":\"Place\",\"5\":\"\"}}','2014-06-05 19:46:21','2014-06-05 19:46:21','fd827431-ff23-4fcc-b5b1-6cfa00843650'),
 ('4','5','3','1','en_us',null,'{\"authorId\":null,\"title\":\"Place\",\"slug\":\"place\",\"postDate\":1401937290,\"expiryDate\":null,\"enabled\":1,\"fields\":{\"4\":\"\",\"9\":\"<p>\\r\\n\\tLorem ipsum dolor sit amet, consectetur adipisicing elit. Minus sequi voluptatem voluptatum perspiciatis sed consequatur assumenda ratione id dolor alias provident rem modi deserunt odit laboriosam pariatur exercitationem atque quo?<\\/p>\",\"7\":\"\",\"6\":\"\",\"8\":\"\",\"10\":\"Place\",\"5\":\"\"}}','2014-06-05 19:46:29','2014-06-05 19:46:29','dfa6ad7e-4f32-4b62-91a1-465056f10d8e'),
 ('5','5','3','1','en_us',null,'{\"authorId\":null,\"title\":\"Place\",\"slug\":\"place\",\"postDate\":1401937290,\"expiryDate\":null,\"enabled\":1,\"fields\":{\"4\":\"\",\"9\":\"<p>\\r\\n\\tLorem ipsum dolor sit amet, consectetur adipisicing elit. Minus sequi voluptatem voluptatum perspiciatis sed consequatur assumenda ratione id dolor alias provident rem modi deserunt odit laboriosam pariatur exercitationem atque quo?<\\/p>\",\"7\":\"\",\"6\":\"\",\"8\":\"<iframe width=\\\"1470\\\" height=\\\"480\\\" frameborder=\\\"0\\\" style=\\\"border:0\\\" src=\\\"https:\\/\\/www.google.com\\/maps\\/embed\\/v1\\/place?q=Suite%2014%2C%2040%20Yeo%20St%20Neutral%20Bay%2C%20NSW%202089&key=AIzaSyBiAD2tlzv1CXVhOPFqf-bLDk_nM4k1EC8&maptype=satellite\\\"><\\/iframe>\",\"10\":\"Place\",\"5\":\"\"}}','2014-06-05 19:47:12','2014-06-05 19:47:12','1cdb1231-9b1a-44af-8aff-49a97af29716'),
 ('6','5','3','1','en_us',null,'{\"authorId\":null,\"title\":\"Place\",\"slug\":\"place\",\"postDate\":1401937290,\"expiryDate\":null,\"enabled\":1,\"fields\":{\"4\":\"suite 14, 40 Yeo St\\r\\nNeutral Bay, NSW 2089\",\"9\":\"<p>\\r\\n\\tLorem ipsum dolor sit amet, consectetur adipisicing elit. Minus sequi voluptatem voluptatum perspiciatis sed consequatur assumenda ratione id dolor alias provident rem modi deserunt odit laboriosam pariatur exercitationem atque quo?<\\/p>\",\"7\":\"mailxa@corben.com.au\",\"6\":\"+61 (02) 9904 1855\",\"8\":\"<iframe width=\\\"1470\\\" height=\\\"480\\\" frameborder=\\\"0\\\" style=\\\"border:0\\\" src=\\\"https:\\/\\/www.google.com\\/maps\\/embed\\/v1\\/place?q=Suite%2014%2C%2040%20Yeo%20St%20Neutral%20Bay%2C%20NSW%202089&key=AIzaSyBiAD2tlzv1CXVhOPFqf-bLDk_nM4k1EC8&maptype=satellite\\\"><\\/iframe>\",\"10\":\"Place\",\"5\":\"+61 (02) 9904 1844\"}}','2014-06-05 19:48:23','2014-06-05 19:48:23','44c67ff5-5417-4f69-9b02-4bb5183c35f9'),
 ('7','5','3','1','en_us',null,'{\"authorId\":null,\"title\":\"Place\",\"slug\":\"place\",\"postDate\":1401937290,\"expiryDate\":null,\"enabled\":1,\"fields\":{\"4\":\"suite 14, 40 Yeo St\\r\\nNeutral Bay, NSW 2089\",\"9\":\"<p>\\r\\n\\tLorem ipsum dolor sit amet, consectetur adipisicing elit. Minus sequi voluptatem voluptatum perspiciatis sed consequatur assumenda ratione id dolor alias provident rem modi deserunt odit laboriosam pariatur exercitationem atque quo?<\\/p>\",\"7\":\"mailxa@corben.com.au\",\"6\":\"+61 (02) 9904 1855\",\"8\":\"<iframe width=\\\"1470\\\" height=\\\"480\\\" frameborder=\\\"0\\\" style=\\\"border:0\\\" src=\\\"https:\\/\\/www.google.com\\/maps\\/embed\\/v1\\/place?q=Suite%2014%2C%2040%20Yeo%20St%20Neutral%20Bay%2C%20NSW%202089&key=AIzaSyBiAD2tlzv1CXVhOPFqf-bLDk_nM4k1EC8&maptype=satellite\\\"><\\/iframe>\",\"10\":\"Place\",\"5\":\"+61 (02) 9904 1844\"}}','2014-06-05 19:49:59','2014-06-05 19:49:59','de446ed2-6f02-4b26-be63-72eced2c34ef'),
 ('8','5','3','1','en_us',null,'{\"authorId\":null,\"title\":\"Place\",\"slug\":\"place\",\"postDate\":1401937290,\"expiryDate\":null,\"enabled\":1,\"fields\":{\"4\":\"<p>\\r\\n\\tsuite 14, 40 Yeo St&nbsp;<\\/p><p>\\r\\n\\tNeutral Bay, NSW 2089<\\/p>\",\"9\":\"<p>\\r\\n\\tLorem ipsum dolor sit amet, consectetur adipisicing elit. Minus sequi voluptatem voluptatum perspiciatis sed consequatur assumenda ratione id dolor alias provident rem modi deserunt odit laboriosam pariatur exercitationem atque quo?<\\/p>\",\"7\":\"mailxa@corben.com.au\",\"6\":\"+61 (02) 9904 1855\",\"8\":\"<iframe width=\\\"1470\\\" height=\\\"480\\\" frameborder=\\\"0\\\" style=\\\"border:0\\\" src=\\\"https:\\/\\/www.google.com\\/maps\\/embed\\/v1\\/place?q=Suite%2014%2C%2040%20Yeo%20St%20Neutral%20Bay%2C%20NSW%202089&key=AIzaSyBiAD2tlzv1CXVhOPFqf-bLDk_nM4k1EC8&maptype=satellite\\\"><\\/iframe>\",\"10\":\"Place\",\"5\":\"+61 (02) 9904 1844\"}}','2014-06-05 19:50:34','2014-06-05 19:50:34','bd19ee2d-462b-4583-a0ce-70dddfdf521f'),
 ('9','5','3','1','en_us',null,'{\"authorId\":null,\"title\":\"Place\",\"slug\":\"place\",\"postDate\":1401937290,\"expiryDate\":null,\"enabled\":1,\"fields\":{\"4\":\"<p>suite 14, 40 Yeo St<\\/p>\\r\\n<p>Neutral Bay, NSW 2089<\\/p>\",\"9\":\"<p>\\r\\n\\tLorem ipsum dolor sit amet, consectetur adipisicing elit. Minus sequi voluptatem voluptatum perspiciatis sed consequatur assumenda ratione id dolor alias provident rem modi deserunt odit laboriosam pariatur exercitationem atque quo?<\\/p>\",\"7\":\"mailxa@corben.com.au\",\"6\":\"+61 (02) 9904 1855\",\"8\":\"<iframe width=\\\"1470\\\" height=\\\"480\\\" frameborder=\\\"0\\\" style=\\\"border:0\\\" src=\\\"https:\\/\\/www.google.com\\/maps\\/embed\\/v1\\/place?q=Suite%2014%2C%2040%20Yeo%20St%20Neutral%20Bay%2C%20NSW%202089&key=AIzaSyBiAD2tlzv1CXVhOPFqf-bLDk_nM4k1EC8&maptype=satellite\\\"><\\/iframe>\",\"10\":\"Place\",\"5\":\"+61 (02) 9904 1844\"}}','2014-06-05 19:56:13','2014-06-05 19:56:13','862103b1-ff90-4590-ad89-1ed9069dddf1'),
 ('10','5','3','1','en_us',null,'{\"authorId\":null,\"title\":\"Place\",\"slug\":\"place\",\"postDate\":1401937290,\"expiryDate\":null,\"enabled\":1,\"fields\":{\"4\":\"<p>\\r\\n\\tsuite 14, 40 Yeo St<\\/p><p>\\r\\n\\tNeutral Bay, NSW 2089<\\/p>\",\"9\":\"<p>\\r\\n\\tLorem ipsum dolor sit amet, consectetur adipisicing elit. Minus sequi voluptatem voluptatum perspiciatis sed consequatur assumenda ratione id dolor alias provident rem modi deserunt odit laboriosam pariatur exercitationem atque quo?<\\/p>\",\"7\":\"mailxa@corben.com.au\",\"6\":\"+61 (02) 9904 1855\",\"8\":\"<iframe width=\\\"1470\\\" height=\\\"480\\\" frameborder=\\\"0\\\" style=\\\"border:0\\\" src=\\\"https:\\/\\/www.google.com\\/maps\\/embed\\/v1\\/place?q=Suite%2014%2C%2040%20Yeo%20St%20Neutral%20Bay%2C%20NSW%202089&key=AIzaSyBiAD2tlzv1CXVhOPFqf-bLDk_nM4k1EC8&maptype=satellite\\\"><\\/iframe>\",\"10\":\"Place\",\"5\":\"+61 (02) 9904 1844\"}}','2014-06-05 19:56:38','2014-06-05 19:56:38','df53f7f7-acee-48fb-9afe-39bfb6423bd9'),
 ('11','5','3','1','en_us',null,'{\"authorId\":null,\"title\":\"Place\",\"slug\":\"place\",\"postDate\":1401937290,\"expiryDate\":null,\"enabled\":1,\"fields\":{\"4\":\"<p>\\r\\n\\tsuite 14, 40 Yeo St<\\/p><p>\\r\\n\\tNeutral Bay, NSW 2089<\\/p>\",\"11\":\"Contact Details\",\"12\":\"How to Find Us\",\"13\":\"Email Us\",\"9\":\"<p>\\r\\n\\tLorem ipsum dolor sit amet, consectetur adipisicing elit. Minus sequi voluptatem voluptatum perspiciatis sed consequatur assumenda ratione id dolor alias provident rem modi deserunt odit laboriosam pariatur exercitationem atque quo?<\\/p>\",\"7\":\"mailxa@corben.com.au\",\"6\":\"+61 (02) 9904 1855\",\"8\":\"<iframe width=\\\"1470\\\" height=\\\"480\\\" frameborder=\\\"0\\\" style=\\\"border:0\\\" src=\\\"https:\\/\\/www.google.com\\/maps\\/embed\\/v1\\/place?q=Suite%2014%2C%2040%20Yeo%20St%20Neutral%20Bay%2C%20NSW%202089&key=AIzaSyBiAD2tlzv1CXVhOPFqf-bLDk_nM4k1EC8&maptype=satellite\\\"><\\/iframe>\",\"10\":\"Place\",\"5\":\"+61 (02) 9904 1844\"}}','2014-06-05 20:58:00','2014-06-05 20:58:00','39455278-08e7-4acc-bce1-d6c88b5657b2'),
 ('12','5','3','1','en_us',null,'{\"authorId\":null,\"title\":\"Place\",\"slug\":\"place\",\"postDate\":1401937290,\"expiryDate\":null,\"enabled\":1,\"fields\":{\"4\":\"<p>\\r\\n\\tsuite 14, 40 Yeo St<\\/p><p>\\r\\n\\tNeutral Bay, NSW 2089<\\/p>\",\"11\":\"Contact DetailsAAA\",\"12\":\"How to Find Us\",\"13\":\"Email Us\",\"9\":\"<p>\\r\\n\\tLorem ipsum dolor sit amet, consectetur adipisicing elit. Minus sequi voluptatem voluptatum perspiciatis sed consequatur assumenda ratione id dolor alias provident rem modi deserunt odit laboriosam pariatur exercitationem atque quo?<\\/p>\",\"7\":\"mailxa@corben.com.au\",\"6\":\"+61 (02) 9904 1855\",\"8\":\"<iframe width=\\\"1470\\\" height=\\\"480\\\" frameborder=\\\"0\\\" style=\\\"border:0\\\" src=\\\"https:\\/\\/www.google.com\\/maps\\/embed\\/v1\\/place?q=Suite%2014%2C%2040%20Yeo%20St%20Neutral%20Bay%2C%20NSW%202089&key=AIzaSyBiAD2tlzv1CXVhOPFqf-bLDk_nM4k1EC8&maptype=satellite\\\"><\\/iframe>\",\"10\":\"Place\",\"5\":\"+61 (02) 9904 1844\"}}','2014-06-05 20:58:49','2014-06-05 20:58:49','5644ab3e-cf1c-4bf0-adbf-67f153258434'),
 ('13','5','3','1','en_us',null,'{\"authorId\":null,\"title\":\"Place\",\"slug\":\"place\",\"postDate\":1401937290,\"expiryDate\":null,\"enabled\":1,\"fields\":{\"4\":\"<p>\\r\\n\\tsuite 14, 40 Yeo St<\\/p><p>\\r\\n\\tNeutral Bay, NSW 2089<\\/p>\",\"11\":\"Contact Details\",\"12\":\"How to Find Us\",\"13\":\"Email Us\",\"9\":\"<p>\\r\\n\\tLorem ipsum dolor sit amet, consectetur adipisicing elit. Minus sequi voluptatem voluptatum perspiciatis sed consequatur assumenda ratione id dolor alias provident rem modi deserunt odit laboriosam pariatur exercitationem atque quo?<\\/p>\",\"7\":\"mailxa@corben.com.au\",\"6\":\"+61 (02) 9904 1855\",\"8\":\"<iframe width=\\\"1470\\\" height=\\\"480\\\" frameborder=\\\"0\\\" style=\\\"border:0\\\" src=\\\"https:\\/\\/www.google.com\\/maps\\/embed\\/v1\\/place?q=Suite%2014%2C%2040%20Yeo%20St%20Neutral%20Bay%2C%20NSW%202089&key=AIzaSyBiAD2tlzv1CXVhOPFqf-bLDk_nM4k1EC8&maptype=satellite\\\"><\\/iframe>\",\"10\":\"Place\",\"5\":\"+61 (02) 9904 1844\"}}','2014-06-05 20:58:58','2014-06-05 20:58:58','8e641221-466c-4269-b9b4-ade337f216dc'),
 ('14','6','4','1','en_us',null,'{\"authorId\":\"1\",\"title\":\"Ryan Belisle\",\"slug\":\"ryan-belisle\",\"postDate\":1402011819,\"expiryDate\":null,\"enabled\":1,\"fields\":{\"18\":\"\",\"17\":\"\",\"21\":\"\",\"14\":\"Ryan\",\"15\":\"Belisle\",\"19\":\"\",\"16\":\"\"}}','2014-06-05 23:43:39','2014-06-05 23:43:39','eca640c3-b74e-48fc-b9ac-fd98e66b0ef3'),
 ('15','6','4','1','en_us',null,'{\"authorId\":\"1\",\"title\":\"Ryan Belisle\",\"slug\":\"ryan-belisle\",\"postDate\":1402011780,\"expiryDate\":null,\"enabled\":1,\"fields\":{\"18\":\"Lorem ipsum dolor sit amet, consectetur adipiscing elit. Aenean eu leo quam. Pellentesque ornare sem lacinia quam venenatis vestibulum. Cum sociis natoque penatibus et magnis dis parturient montes, nascetur ridiculus mus. Nullam id dolor id nibh ultricies vehicula ut id elit. Lorem ipsum dolor sit amet, consectetur adipiscing elit. Cum sociis natoque penatibus et magnis dis parturient montes, nascetur ridiculus mus. Integer posuere erat a ante venenatis dapibus posuere velit aliquet.\",\"17\":\"These are my Credentials\",\"21\":[\"True\"],\"14\":\"Ryan\",\"15\":\"Belisle\",\"19\":\"\",\"16\":\"This is my Title\",\"20\":\"Director\"}}','2014-06-05 23:44:46','2014-06-05 23:44:46','bf75f9c4-1886-4de0-8acf-fac6d1cbd1b1'),
 ('16','6','4','1','en_us',null,'{\"authorId\":\"1\",\"title\":\"Ryan Belisle\",\"slug\":\"ryan-belisle\",\"postDate\":1402011780,\"expiryDate\":null,\"enabled\":1,\"fields\":{\"18\":\"Lorem ipsum dolor sit amet, consectetur adipiscing elit. Aenean eu leo quam. Pellentesque ornare sem lacinia quam venenatis vestibulum. Cum sociis natoque penatibus et magnis dis parturient montes, nascetur ridiculus mus. Nullam id dolor id nibh ultricies vehicula ut id elit. Lorem ipsum dolor sit amet, consectetur adipiscing elit. Cum sociis natoque penatibus et magnis dis parturient montes, nascetur ridiculus mus. Integer posuere erat a ante venenatis dapibus posuere velit aliquet.\",\"17\":\"These are my Credentials\",\"21\":[\"True\"],\"14\":\"Ryan\",\"15\":\"Belisle\",\"19\":\"\",\"16\":\"This is my Title\",\"20\":\"Director\"}}','2014-06-05 23:45:59','2014-06-05 23:45:59','98e22d2d-834e-47df-91ce-9360c96b5ca4'),
 ('17','6','4','1','en_us',null,'{\"authorId\":\"1\",\"title\":\"Ryan Belisle\",\"slug\":\"ryan-belisle\",\"postDate\":1402011780,\"expiryDate\":null,\"enabled\":1,\"fields\":{\"18\":\"<p>Lorem ipsum dolor sit amet, consectetur adipiscing elit. Aenean eu leo quam. Pellentesque ornare sem lacinia quam venenatis vestibulum. Cum sociis natoque penatibus et magnis dis parturient montes, nascetur ridiculus mus. Nullam id dolor id nibh ultricies vehicula ut id elit. Lorem ipsum dolor sit amet, consectetur adipiscing elit. Cum sociis natoque penatibus et magnis dis parturient montes, nascetur ridiculus mus. Integer posuere erat a ante venenatis dapibus posuere velit aliquet.<\\/p>\",\"17\":\"These are my Credentials\",\"21\":[\"True\"],\"14\":\"Ryan\",\"15\":\"Belisle\",\"19\":\"\",\"16\":\"This is my Title\",\"20\":\"Director\"}}','2014-06-05 23:47:12','2014-06-05 23:47:12','62e9c37c-1d1f-4b0f-9c3a-1078abccfdfd'),
 ('18','6','4','1','en_us',null,'{\"authorId\":\"1\",\"title\":\"Ryan Belisle\",\"slug\":\"ryan-belisle\",\"postDate\":1402011780,\"expiryDate\":null,\"enabled\":1,\"fields\":{\"18\":\"<p>Lorem ipsum dolor sit amet, consectetur adipiscing elit. Aenean eu leo quam. Pellentesque ornare sem lacinia quam venenatis vestibulum. Cum sociis natoque penatibus et magnis dis parturient montes, nascetur ridiculus mus. Nullam id dolor id nibh ultricies vehicula ut id elit. Lorem ipsum dolor sit amet, consectetur adipiscing elit. Cum sociis natoque penatibus et magnis dis parturient montes, nascetur ridiculus mus. Integer posuere erat a ante venenatis dapibus posuere velit aliquet.<\\/p>\",\"17\":\"These are my Credentials\",\"21\":[\"True\"],\"14\":\"Ryan\",\"15\":\"Belisle\",\"19\":\"\",\"16\":\"This is my Title\",\"20\":\"Director\"}}','2014-06-05 23:48:12','2014-06-05 23:48:12','54088069-9ff3-4b54-95c1-bbef3a0301c7'),
 ('19','6','4','1','en_us',null,'{\"authorId\":\"1\",\"title\":\"Ryan Belisle\",\"slug\":\"ryan-belisle\",\"postDate\":1402011780,\"expiryDate\":null,\"enabled\":1,\"fields\":{\"18\":\"<p>Lorem ipsum dolor sit amet, consectetur adipiscing elit. Aenean eu leo quam. Pellentesque ornare sem lacinia quam venenatis vestibulum. Cum sociis natoque penatibus et magnis dis parturient montes, nascetur ridiculus mus. Nullam id dolor id nibh ultricies vehicula ut id elit. Lorem ipsum dolor sit amet, consectetur adipiscing elit. Cum sociis natoque penatibus et magnis dis parturient montes, nascetur ridiculus mus. Integer posuere erat a ante venenatis dapibus posuere velit aliquet.<\\/p>\",\"17\":\"These are my Credentials\",\"21\":[\"True\"],\"14\":\"Ryan\",\"15\":\"Belisle\",\"19\":\"\",\"16\":\"This is my Title\",\"20\":\"Director\"}}','2014-06-05 23:51:02','2014-06-05 23:51:02','f3b8645e-0290-4ab1-917b-9d8877c52053'),
 ('20','6','4','1','en_us',null,'{\"authorId\":\"1\",\"title\":\"Ryan Belisle\",\"slug\":\"ryan-belisle\",\"postDate\":1402011780,\"expiryDate\":null,\"enabled\":1,\"fields\":{\"18\":\"<p>Lorem ipsum dolor sit amet, consectetur adipiscing elit. Aenean eu leo quam. Pellentesque ornare sem lacinia quam venenatis vestibulum. Cum sociis natoque penatibus et magnis dis parturient montes, nascetur ridiculus mus. Nullam id dolor id nibh ultricies vehicula ut id elit. Lorem ipsum dolor sit amet, consectetur adipiscing elit. Cum sociis natoque penatibus et magnis dis parturient montes, nascetur ridiculus mus. Integer posuere erat a ante venenatis dapibus posuere velit aliquet.<\\/p>\",\"17\":\"These are my Credentials\",\"21\":[\"True\"],\"14\":\"Ryan\",\"15\":\"Belisle\",\"19\":\"\",\"16\":\"This is my Title\",\"20\":\"Director\"}}','2014-06-05 23:54:11','2014-06-05 23:54:11','b8bfb3ab-f8d8-455d-a60f-79493ca8b35b'),
 ('21','6','4','1','en_us',null,'{\"authorId\":\"1\",\"title\":\"Ryan Belisle\",\"slug\":\"ryan-belisle\",\"postDate\":1402011780,\"expiryDate\":null,\"enabled\":1,\"fields\":{\"18\":\"<p>Lorem ipsum dolor sit amet, consectetur adipiscing elit. Aenean eu leo quam. Pellentesque ornare sem lacinia quam venenatis vestibulum. Cum sociis natoque penatibus et magnis dis parturient montes, nascetur ridiculus mus. Nullam id dolor id nibh ultricies vehicula ut id elit. Lorem ipsum dolor sit amet, consectetur adipiscing elit. Cum sociis natoque penatibus et magnis dis parturient montes, nascetur ridiculus mus. Integer posuere erat a ante venenatis dapibus posuere velit aliquet.<\\/p>\",\"17\":\"These are my Credentials\",\"21\":\"\",\"14\":\"Ryan\",\"15\":\"Belisle\",\"19\":\"\",\"16\":\"This is my Title\"}}','2014-06-05 23:56:31','2014-06-05 23:56:31','74fa4f5f-d36b-4ddf-b0d5-ef7d506cd104'),
 ('22','6','4','1','en_us',null,'{\"authorId\":\"1\",\"title\":\"Ryan Belisle\",\"slug\":\"ryan-belisle\",\"postDate\":1402011780,\"expiryDate\":null,\"enabled\":1,\"fields\":{\"18\":\"<p>Lorem ipsum dolor sit amet, consectetur adipiscing elit. Aenean eu leo quam. Pellentesque ornare sem lacinia quam venenatis vestibulum. Cum sociis natoque penatibus et magnis dis parturient montes, nascetur ridiculus mus. Nullam id dolor id nibh ultricies vehicula ut id elit. Lorem ipsum dolor sit amet, consectetur adipiscing elit. Cum sociis natoque penatibus et magnis dis parturient montes, nascetur ridiculus mus. Integer posuere erat a ante venenatis dapibus posuere velit aliquet.<\\/p>\",\"17\":\"These are my Credentials\",\"21\":\"\",\"14\":\"Ryan\",\"15\":\"Belisle\",\"19\":\"\",\"16\":\"This is my Title\"}}','2014-06-05 23:57:38','2014-06-05 23:57:38','63a64890-ff52-4c51-bd0f-3af623328593'),
 ('23','6','4','1','en_us',null,'{\"authorId\":\"1\",\"title\":\"Ryan Belisle\",\"slug\":\"ryan-belisle\",\"postDate\":1402011780,\"expiryDate\":null,\"enabled\":1,\"fields\":{\"18\":\"<p>Lorem ipsum dolor sit amet, consectetur adipiscing elit. Aenean eu leo quam. Pellentesque ornare sem lacinia quam venenatis vestibulum. Cum sociis natoque penatibus et magnis dis parturient montes, nascetur ridiculus mus. Nullam id dolor id nibh ultricies vehicula ut id elit. Lorem ipsum dolor sit amet, consectetur adipiscing elit. Cum sociis natoque penatibus et magnis dis parturient montes, nascetur ridiculus mus. Integer posuere erat a ante venenatis dapibus posuere velit aliquet.<\\/p>\",\"17\":\"These are my Credentials\",\"21\":[\"True\"],\"14\":\"Ryan\",\"15\":\"Belisle\",\"19\":\"\",\"16\":\"This is my Title\"}}','2014-06-05 23:57:44','2014-06-05 23:57:44','8addfd1e-4034-471e-82e6-ee9461d31830'),
 ('24','7','4','1','en_us',null,'{\"authorId\":\"1\",\"title\":\"First Last\",\"slug\":\"first-last\",\"postDate\":1402012740,\"expiryDate\":null,\"enabled\":1,\"fields\":{\"18\":\"<p>Donec sed odio dui. Lorem ipsum dolor sit amet, consectetur adipiscing elit. Nullam id dolor id nibh ultricies vehicula ut id elit. Fusce dapibus, tellus ac cursus commodo, tortor mauris condimentum nibh, ut fermentum massa justo sit amet risus. Donec ullamcorper nulla non metus auctor fringilla.<\\/p>\",\"17\":\"Credentials\",\"21\":[\"true\"],\"14\":\"First\",\"15\":\"Last\",\"19\":\"\",\"16\":\"Title\"}}','2014-06-05 23:59:00','2014-06-05 23:59:00','34c998fb-2cdc-4b23-ad41-29bfbfae49f6'),
 ('25','7','4','1','en_us',null,'{\"authorId\":\"1\",\"title\":\"First Last\",\"slug\":\"first-last\",\"postDate\":1402012740,\"expiryDate\":null,\"enabled\":1,\"fields\":{\"18\":\"<p>Donec sed odio dui. Lorem ipsum dolor sit amet, consectetur adipiscing elit. Nullam id dolor id nibh ultricies vehicula ut id elit. Fusce dapibus, tellus ac cursus commodo, tortor mauris condimentum nibh, ut fermentum massa justo sit amet risus. Donec ullamcorper nulla non metus auctor fringilla.<\\/p>\",\"17\":\"Credentials\",\"21\":[\"true\"],\"14\":\"First\",\"15\":\"Last\",\"19\":\"\",\"16\":\"Title\",\"20\":\"staff\"}}','2014-06-05 23:59:13','2014-06-05 23:59:13','828930d4-63e3-48d3-b016-b4affb5eb868'),
 ('26','7','4','1','en_us',null,'{\"authorId\":\"1\",\"title\":\"First Last\",\"slug\":\"first-last\",\"postDate\":1402012740,\"expiryDate\":null,\"enabled\":1,\"fields\":{\"18\":\"<p>Donec sed odio dui. Lorem ipsum dolor sit amet, consectetur adipiscing elit. Nullam id dolor id nibh ultricies vehicula ut id elit. Fusce dapibus, tellus ac cursus commodo, tortor mauris condimentum nibh, ut fermentum massa justo sit amet risus. Donec ullamcorper nulla non metus auctor fringilla.<\\/p>\",\"17\":\"Credentials\",\"21\":\"\",\"14\":\"First\",\"15\":\"Last\",\"19\":\"\",\"16\":\"Title\",\"20\":\"staff\"}}','2014-06-05 23:59:20','2014-06-05 23:59:20','abddcdf5-8cfa-4d24-ac31-7c8cc562c5e8'),
 ('27','7','4','1','en_us',null,'{\"authorId\":\"1\",\"title\":\"First Last\",\"slug\":\"first-last\",\"postDate\":1402012740,\"expiryDate\":null,\"enabled\":1,\"fields\":{\"18\":\"<p>Donec sed odio dui. Lorem ipsum dolor sit amet, consectetur adipiscing elit. Nullam id dolor id nibh ultricies vehicula ut id elit. Fusce dapibus, tellus ac cursus commodo, tortor mauris condimentum nibh, ut fermentum massa justo sit amet risus. Donec ullamcorper nulla non metus auctor fringilla.<\\/p>\",\"17\":\"Credentials\",\"21\":[\"true\"],\"14\":\"First\",\"15\":\"Last\",\"19\":\"\",\"16\":\"Title\",\"20\":\"staff\"}}','2014-06-05 23:59:28','2014-06-05 23:59:28','d1d7eb4d-d2df-4340-8872-04502e1d722a'),
 ('28','7','4','1','en_us',null,'{\"authorId\":\"1\",\"title\":\"First Last\",\"slug\":\"first-last\",\"postDate\":1402012740,\"expiryDate\":null,\"enabled\":1,\"fields\":{\"18\":\"<p>Donec sed odio dui. Lorem ipsum dolor sit amet, consectetur adipiscing elit. Nullam id dolor id nibh ultricies vehicula ut id elit. Fusce dapibus, tellus ac cursus commodo, tortor mauris condimentum nibh, ut fermentum massa justo sit amet risus. Donec ullamcorper nulla non metus auctor fringilla.<\\/p>\",\"17\":\"This is a Director\",\"21\":[\"true\"],\"14\":\"First\",\"15\":\"Last\",\"19\":\"\",\"16\":\"Title\",\"20\":\"staff\"}}','2014-06-06 00:00:24','2014-06-06 00:00:24','55a942eb-0cb6-4e4c-90fb-72cb5f2076f7'),
 ('29','7','4','1','en_us',null,'{\"authorId\":\"1\",\"title\":\"Director Lastname\",\"slug\":\"first-last\",\"postDate\":1402012740,\"expiryDate\":null,\"enabled\":1,\"fields\":{\"18\":\"<p>Donec sed odio dui. Lorem ipsum dolor sit amet, consectetur adipiscing elit. Nullam id dolor id nibh ultricies vehicula ut id elit. Fusce dapibus, tellus ac cursus commodo, tortor mauris condimentum nibh, ut fermentum massa justo sit amet risus. Donec ullamcorper nulla non metus auctor fringilla.<\\/p>\",\"17\":\"Credentials\",\"21\":[\"true\"],\"14\":\"Director\",\"15\":\"Lastname\",\"19\":\"\",\"16\":\"Title\",\"20\":\"staff\"}}','2014-06-06 00:00:41','2014-06-06 00:00:41','7f201e78-2d1d-4634-a7c4-7db2953425f9'),
 ('30','7','4','1','en_us',null,'{\"authorId\":\"1\",\"title\":\"Director Lastname\",\"slug\":\"first-last\",\"postDate\":1402012740,\"expiryDate\":null,\"enabled\":1,\"fields\":{\"18\":\"<p>Donec sed odio dui. Lorem ipsum dolor sit amet, consectetur adipiscing elit. Nullam id dolor id nibh ultricies vehicula ut id elit. Fusce dapibus, tellus ac cursus commodo, tortor mauris condimentum nibh, ut fermentum massa justo sit amet risus. Donec ullamcorper nulla non metus auctor fringilla.<\\/p>\",\"17\":\"Credentials\",\"21\":[\"true\"],\"14\":\"Director\",\"15\":\"Lastname\",\"19\":\"\",\"16\":\"Title\",\"20\":\"staff\"}}','2014-06-06 00:00:44','2014-06-06 00:00:44','762fbe2c-a669-4c94-a2af-25395c9531d3'),
 ('31','8','4','1','en_us',null,'{\"authorId\":\"1\",\"title\":\"Staff Lastname\",\"slug\":\"staff-lastname\",\"postDate\":1402012864,\"expiryDate\":null,\"enabled\":1,\"fields\":{\"18\":\"<p>Donec sed odio dui. Lorem ipsum dolor sit amet, consectetur adipiscing elit. Nullam id dolor id nibh ultricies vehicula ut id elit. Fusce dapibus, tellus ac cursus commodo, tortor mauris condimentum nibh, ut fermentum massa justo sit amet risus. Donec ullamcorper nulla non metus auctor fringilla.<\\/p>\",\"17\":\"Credentials\",\"21\":\"\",\"14\":\"Staff\",\"15\":\"Lastname\",\"19\":\"\",\"16\":\"Title\",\"20\":\"staff\"}}','2014-06-06 00:01:04','2014-06-06 00:01:04','08fea613-2e99-453a-8508-688a4ce029f1'),
 ('32','6','4','1','en_us',null,'{\"authorId\":\"1\",\"title\":\"Ryan Belisle\",\"slug\":\"ryan-belisle\",\"postDate\":1402011780,\"expiryDate\":null,\"enabled\":1,\"fields\":{\"18\":\"<p>Lorem ipsum dolor sit amet, consectetur adipiscing elit. Aenean eu leo quam. Pellentesque ornare sem lacinia quam venenatis vestibulum. Cum sociis natoque penatibus et magnis dis parturient montes, nascetur ridiculus mus. Nullam id dolor id nibh ultricies vehicula ut id elit. Lorem ipsum dolor sit amet, consectetur adipiscing elit. Cum sociis natoque penatibus et magnis dis parturient montes, nascetur ridiculus mus. Integer posuere erat a ante venenatis dapibus posuere velit aliquet.<\\/p>\",\"17\":\"These are my Credentials\",\"21\":[\"true\"],\"14\":\"Ryan\",\"15\":\"Belisle\",\"19\":[\"9\"],\"16\":\"This is my Title\",\"20\":\"director\"}}','2014-06-06 00:08:16','2014-06-06 00:08:16','f3a5d60e-7e52-49f5-b29c-3099ea14099c'),
 ('33','6','4','1','en_us',null,'{\"authorId\":\"1\",\"title\":\"Ryan Belisle\",\"slug\":\"ryan-belisle\",\"postDate\":1402011780,\"expiryDate\":null,\"enabled\":1,\"fields\":{\"18\":\"<p>Lorem ipsum dolor sit amet, consectetur adipiscing elit. Aenean eu leo quam. Pellentesque ornare sem lacinia quam venenatis vestibulum. Cum sociis natoque penatibus et magnis dis parturient montes, nascetur ridiculus mus. Nullam id dolor id nibh ultricies vehicula ut id elit. Lorem ipsum dolor sit amet, consectetur adipiscing elit. Cum sociis natoque penatibus et magnis dis parturient montes, nascetur ridiculus mus. Integer posuere erat a ante venenatis dapibus posuere velit aliquet.<\\/p>\",\"17\":\"These are my Credentials\",\"21\":[\"true\"],\"14\":\"Ryan\",\"15\":\"Belisle\",\"19\":[\"9\"],\"16\":\"This is my Title\",\"20\":\"director\"}}','2014-06-06 00:08:24','2014-06-06 00:08:24','2c69d056-aa3b-4752-b8b3-454db4cc4308'),
 ('34','6','4','1','en_us',null,'{\"authorId\":\"1\",\"title\":\"Ryan Belisle\",\"slug\":\"ryan-belisle\",\"postDate\":1402011780,\"expiryDate\":null,\"enabled\":1,\"fields\":{\"18\":\"<p>Lorem ipsum dolor sit amet, consectetur adipiscing elit. Aenean eu leo quam. Pellentesque ornare sem lacinia quam venenatis vestibulum. Cum sociis natoque penatibus et magnis dis parturient montes, nascetur ridiculus mus. Nullam id dolor id nibh ultricies vehicula ut id elit. Lorem ipsum dolor sit amet, consectetur adipiscing elit. Cum sociis natoque penatibus et magnis dis parturient montes, nascetur ridiculus mus. Integer posuere erat a ante venenatis dapibus posuere velit aliquet.<\\/p>\",\"17\":\"These are my Credentials\",\"21\":[\"true\"],\"14\":\"Ryan\",\"15\":\"Belisle\",\"19\":[\"9\"],\"16\":\"This is my Title\",\"20\":\"director\"}}','2014-06-06 00:08:28','2014-06-06 00:08:28','3aa3c0df-3b7a-4d48-afef-7cb6d205594e'),
 ('35','7','4','1','en_us',null,'{\"authorId\":\"1\",\"title\":\"Director Lastname\",\"slug\":\"first-last\",\"postDate\":1402012740,\"expiryDate\":null,\"enabled\":1,\"fields\":{\"18\":\"<p>Donec sed odio dui. Lorem ipsum dolor sit amet, consectetur adipiscing elit. Nullam id dolor id nibh ultricies vehicula ut id elit. Fusce dapibus, tellus ac cursus commodo, tortor mauris condimentum nibh, ut fermentum massa justo sit amet risus. Donec ullamcorper nulla non metus auctor fringilla.<\\/p>\",\"17\":\"Credentials\",\"21\":[\"true\"],\"14\":\"Director\",\"15\":\"Lastname\",\"19\":[\"9\"],\"16\":\"Title\",\"20\":\"staff\"}}','2014-06-06 00:08:37','2014-06-06 00:08:37','97d8b6b3-84c6-42be-8b34-607fe1507f3c'),
 ('36','8','4','1','en_us',null,'{\"authorId\":\"1\",\"title\":\"Staff Lastname\",\"slug\":\"staff-lastname\",\"postDate\":1402012860,\"expiryDate\":null,\"enabled\":1,\"fields\":{\"18\":\"<p>Donec sed odio dui. Lorem ipsum dolor sit amet, consectetur adipiscing elit. Nullam id dolor id nibh ultricies vehicula ut id elit. Fusce dapibus, tellus ac cursus commodo, tortor mauris condimentum nibh, ut fermentum massa justo sit amet risus. Donec ullamcorper nulla non metus auctor fringilla.<\\/p>\",\"17\":\"Credentials\",\"21\":\"\",\"14\":\"Staff\",\"15\":\"Lastname\",\"19\":[\"9\"],\"16\":\"Title\",\"20\":\"staff\"}}','2014-06-06 00:08:50','2014-06-06 00:08:50','89256eea-813e-40b7-b363-6bef76c68a9c'),
 ('37','11','2','1','en_us',null,'{\"authorId\":\"1\",\"title\":\"This is the News Post One Title\",\"slug\":\"this-is-the-news-post-one-title\",\"postDate\":1402015144,\"expiryDate\":null,\"enabled\":1,\"fields\":{\"24\":[\"True\"],\"22\":\"<p>\\r\\n\\tLorem ipsum dolor sit amet, consectetur adipiscing elit. Curabitur blandit tempus porttitor. Maecenas faucibus mollis interdum. Sed posuere consectetur est at lobortis. Maecenas faucibus mollis interdum.<\\/p><p>\\r\\n\\tAenean lacinia bibendum nulla sed consectetur. Integer posuere erat a ante venenatis dapibus posuere velit aliquet. Donec ullamcorper nulla non metus auctor fringilla. Morbi leo risus, porta ac consectetur ac, vestibulum at eros. Fusce dapibus, tellus ac cursus commodo, tortor mauris condimentum nibh, ut fermentum massa justo sit amet risus.<\\/p><p>\\r\\n\\tVestibulum id ligula porta felis euismod semper. Cum sociis natoque penatibus et magnis dis parturient montes, nascetur ridiculus mus. Etiam porta sem malesuada magna mollis euismod. Morbi leo risus, porta ac consectetur ac, vestibulum at eros. Nullam quis risus eget urna mollis ornare vel eu leo. Maecenas faucibus mollis interdum. Cras justo odio, dapibus ac facilisis in, egestas eget quam.<\\/p><p>\\r\\n\\tCras mattis consectetur purus sit amet fermentum. Donec sed odio dui. Cras mattis consectetur purus sit amet fermentum. Integer posuere erat a ante venenatis dapibus posuere velit aliquet. Donec id elit non mi porta gravida at eget metus. Donec id elit non mi porta gravida at eget metus. Nulla vitae elit libero, a pharetra augue.<\\/p>\",\"26\":[\"10\"],\"23\":\"<p>\\r\\n\\tEtiam porta sem malesuada magna mollis euismod. Morbi leo risus, porta ac consectetur ac, vestibulum at eros. Cras justo odio, dapibus ac facilisis in, egestas eget quam. Nulla vitae elit libero, a pharetra augue.<\\/p>\"}}','2014-06-06 00:39:04','2014-06-06 00:39:04','bec2d837-6b3d-42c6-9812-5b802cfcace6'),
 ('38','11','2','1','en_us',null,'{\"authorId\":\"1\",\"title\":\"This is the News Post One Title\",\"slug\":\"this-is-the-news-post-one-title\",\"postDate\":1402015140,\"expiryDate\":null,\"enabled\":1,\"fields\":{\"24\":\"\",\"22\":\"<p>\\r\\n\\tLorem ipsum dolor sit amet, consectetur adipiscing elit. Curabitur blandit tempus porttitor. Maecenas faucibus mollis interdum. Sed posuere consectetur est at lobortis. Maecenas faucibus mollis interdum.<\\/p><p>\\r\\n\\tAenean lacinia bibendum nulla sed consectetur. Integer posuere erat a ante venenatis dapibus posuere velit aliquet. Donec ullamcorper nulla non metus auctor fringilla. Morbi leo risus, porta ac consectetur ac, vestibulum at eros. Fusce dapibus, tellus ac cursus commodo, tortor mauris condimentum nibh, ut fermentum massa justo sit amet risus.<\\/p><p>\\r\\n\\tVestibulum id ligula porta felis euismod semper. Cum sociis natoque penatibus et magnis dis parturient montes, nascetur ridiculus mus. Etiam porta sem malesuada magna mollis euismod. Morbi leo risus, porta ac consectetur ac, vestibulum at eros. Nullam quis risus eget urna mollis ornare vel eu leo. Maecenas faucibus mollis interdum. Cras justo odio, dapibus ac facilisis in, egestas eget quam.<\\/p><p>\\r\\n\\tCras mattis consectetur purus sit amet fermentum. Donec sed odio dui. Cras mattis consectetur purus sit amet fermentum. Integer posuere erat a ante venenatis dapibus posuere velit aliquet. Donec id elit non mi porta gravida at eget metus. Donec id elit non mi porta gravida at eget metus. Nulla vitae elit libero, a pharetra augue.<\\/p>\",\"26\":[\"10\"],\"23\":\"<p>\\r\\n\\tEtiam porta sem malesuada magna mollis euismod. Morbi leo risus, porta ac consectetur ac, vestibulum at eros. Cras justo odio, dapibus ac facilisis in, egestas eget quam. Nulla vitae elit libero, a pharetra augue.<\\/p>\"}}','2014-06-06 00:45:06','2014-06-06 00:45:06','e933e7d2-8761-4247-883e-b8bdc2527aa5'),
 ('39','11','2','1','en_us',null,'{\"authorId\":\"1\",\"title\":\"This is the News Post One Title\",\"slug\":\"this-is-the-news-post-one-title\",\"postDate\":1402015140,\"expiryDate\":null,\"enabled\":1,\"fields\":{\"24\":[\"True\"],\"22\":\"<p>\\r\\n\\tLorem ipsum dolor sit amet, consectetur adipiscing elit. Curabitur blandit tempus porttitor. Maecenas faucibus mollis interdum. Sed posuere consectetur est at lobortis. Maecenas faucibus mollis interdum.<\\/p><p>\\r\\n\\tAenean lacinia bibendum nulla sed consectetur. Integer posuere erat a ante venenatis dapibus posuere velit aliquet. Donec ullamcorper nulla non metus auctor fringilla. Morbi leo risus, porta ac consectetur ac, vestibulum at eros. Fusce dapibus, tellus ac cursus commodo, tortor mauris condimentum nibh, ut fermentum massa justo sit amet risus.<\\/p><p>\\r\\n\\tVestibulum id ligula porta felis euismod semper. Cum sociis natoque penatibus et magnis dis parturient montes, nascetur ridiculus mus. Etiam porta sem malesuada magna mollis euismod. Morbi leo risus, porta ac consectetur ac, vestibulum at eros. Nullam quis risus eget urna mollis ornare vel eu leo. Maecenas faucibus mollis interdum. Cras justo odio, dapibus ac facilisis in, egestas eget quam.<\\/p><p>\\r\\n\\tCras mattis consectetur purus sit amet fermentum. Donec sed odio dui. Cras mattis consectetur purus sit amet fermentum. Integer posuere erat a ante venenatis dapibus posuere velit aliquet. Donec id elit non mi porta gravida at eget metus. Donec id elit non mi porta gravida at eget metus. Nulla vitae elit libero, a pharetra augue.<\\/p>\",\"26\":[\"10\"],\"23\":\"<p>\\r\\n\\tEtiam porta sem malesuada magna mollis euismod. Morbi leo risus, porta ac consectetur ac, vestibulum at eros. Cras justo odio, dapibus ac facilisis in, egestas eget quam. Nulla vitae elit libero, a pharetra augue.<\\/p>\"}}','2014-06-06 00:47:16','2014-06-06 00:47:16','07ce37ff-1f92-4967-9149-e8beb72aaac1'),
 ('40','11','2','1','en_us',null,'{\"authorId\":\"1\",\"title\":\"This is the News Post One Title\",\"slug\":\"this-is-the-news-post-one-title\",\"postDate\":1402015140,\"expiryDate\":null,\"enabled\":1,\"fields\":{\"24\":[\"True\"],\"22\":\"<p>\\r\\n\\tLorem ipsum dolor sit amet, consectetur adipiscing elit. Curabitur blandit tempus porttitor. Maecenas faucibus mollis interdum. Sed posuere consectetur est at lobortis. Maecenas faucibus mollis interdum.<\\/p><p>\\r\\n\\tAenean lacinia bibendum nulla sed consectetur. Integer posuere erat a ante venenatis dapibus posuere velit aliquet. Donec ullamcorper nulla non metus auctor fringilla. Morbi leo risus, porta ac consectetur ac, vestibulum at eros. Fusce dapibus, tellus ac cursus commodo, tortor mauris condimentum nibh, ut fermentum massa justo sit amet risus.<\\/p><p>\\r\\n\\tVestibulum id ligula porta felis euismod semper. Cum sociis natoque penatibus et magnis dis parturient montes, nascetur ridiculus mus. Etiam porta sem malesuada magna mollis euismod. Morbi leo risus, porta ac consectetur ac, vestibulum at eros. Nullam quis risus eget urna mollis ornare vel eu leo. Maecenas faucibus mollis interdum. Cras justo odio, dapibus ac facilisis in, egestas eget quam.<\\/p><p>\\r\\n\\tCras mattis consectetur purus sit amet fermentum. Donec sed odio dui. Cras mattis consectetur purus sit amet fermentum. Integer posuere erat a ante venenatis dapibus posuere velit aliquet. Donec id elit non mi porta gravida at eget metus. Donec id elit non mi porta gravida at eget metus. Nulla vitae elit libero, a pharetra augue.<\\/p>\",\"26\":[\"10\"],\"23\":\"<p>\\r\\n\\tEtiam porta sem malesuada magna mollis euismod. Morbi leo risus, porta ac consectetur ac, vestibulum at eros. Cras justo odio, dapibus ac facilisis in, egestas eget quam. Nulla vitae elit libero, a pharetra augue.<\\/p>\"}}','2014-06-06 00:49:45','2014-06-06 00:49:45','c81d5b3a-8c33-4128-aceb-60804ca85747'),
 ('41','12','2','1','en_us',null,'{\"authorId\":\"1\",\"title\":\"News Post Two Title {Intro Hidden on Post Page}\",\"slug\":\"news-post-two-title-intro-hidden-on-post-page\",\"postDate\":1402015845,\"expiryDate\":null,\"enabled\":1,\"fields\":{\"24\":\"\",\"22\":\"<p>Lorem ipsum dolor sit amet, consectetur adipiscing elit. Vivamus sagittis lacus vel augue laoreet rutrum faucibus dolor auctor. Donec id elit non mi porta gravida at eget metus. Donec sed odio dui.<\\/p><p>Vestibulum id ligula porta felis euismod semper. Sed posuere consectetur est at lobortis. Duis mollis, est non commodo luctus, nisi erat porttitor ligula, eget lacinia odio sem nec elit. Curabitur blandit tempus porttitor. Etiam porta sem malesuada magna mollis euismod. Praesent commodo cursus magna, vel scelerisque nisl consectetur et. Nulla vitae elit libero, a pharetra augue.Lorem ipsum dolor sit amet, consectetur adipiscing elit. Vivamus sagittis lacus vel augue laoreet rutrum faucibus dolor auctor. Donec id elit non mi porta gravida at eget metus. Donec sed odio dui.<\\/p><p>Vestibulum id ligula porta felis euismod semper. Sed posuere consectetur est at lobortis. Duis mollis, est non commodo luctus, nisi erat porttitor ligula, eget lacinia odio sem nec elit. Curabitur blandit tempus porttitor. Etiam porta sem malesuada magna mollis euismod. Praesent commodo cursus magna, vel scelerisque nisl consectetur et. Nulla vitae elit libero, a pharetra augue.Lorem ipsum dolor sit amet, consectetur adipiscing elit. Vivamus sagittis lacus vel augue laoreet rutrum faucibus dolor auctor. Donec id elit non mi porta gravida at eget metus. Donec sed odio dui.<\\/p><p>Vestibulum id ligula porta felis euismod semper. Sed posuere consectetur est at lobortis. Duis mollis, est non commodo luctus, nisi erat porttitor ligula, eget lacinia odio sem nec elit. Curabitur blandit tempus porttitor. Etiam porta sem malesuada magna mollis euismod. Praesent commodo cursus magna, vel scelerisque nisl consectetur et. Nulla vitae elit libero, a pharetra augue.Lorem ipsum dolor sit amet, consectetur adipiscing elit. Vivamus sagittis lacus vel augue laoreet rutrum faucibus dolor auctor. Donec id elit non mi porta gravida at eget metus. Donec sed odio dui.<\\/p><p>Vestibulum id ligula porta felis euismod semper. Sed posuere consectetur est at lobortis. Duis mollis, est non commodo luctus, nisi erat porttitor ligula, eget lacinia odio sem nec elit. Curabitur blandit tempus porttitor. Etiam porta sem malesuada magna mollis euismod. Praesent commodo cursus magna, vel scelerisque nisl consectetur et. Nulla vitae elit libero, a pharetra augue.Lorem ipsum dolor sit amet, consectetur adipiscing elit. Vivamus sagittis lacus vel augue laoreet rutrum faucibus dolor auctor. Donec id elit non mi porta gravida at eget metus. Donec sed odio dui.<\\/p><p>Vestibulum id ligula porta felis euismod semper. Sed posuere consectetur est at lobortis. Duis mollis, est non commodo luctus, nisi erat porttitor ligula, eget lacinia odio sem nec elit. Curabitur blandit tempus porttitor. Etiam porta sem malesuada magna mollis euismod. Praesent commodo cursus magna, vel scelerisque nisl consectetur et. Nulla vitae elit libero, a pharetra augue.Lorem ipsum dolor sit amet, consectetur adipiscing elit. Vivamus sagittis lacus vel augue laoreet rutrum faucibus dolor auctor. Donec id elit non mi porta gravida at eget metus. Donec sed odio dui.<\\/p><p>Vestibulum id ligula porta felis euismod semper. Sed posuere consectetur est at lobortis. Duis mollis, est non commodo luctus, nisi erat porttitor ligula, eget lacinia odio sem nec elit. Curabitur blandit tempus porttitor. Etiam porta sem malesuada magna mollis euismod. Praesent commodo cursus magna, vel scelerisque nisl consectetur et. Nulla vitae elit libero, a pharetra augue.Lorem ipsum dolor sit amet, consectetur adipiscing elit. Vivamus sagittis lacus vel augue laoreet rutrum faucibus dolor auctor. Donec id elit non mi porta gravida at eget metus. Donec sed odio dui.<\\/p><p>Vestibulum id ligula porta felis euismod semper. Sed posuere consectetur est at lobortis. Duis mollis, est non commodo luctus, nisi erat porttitor ligula, eget lacinia odio sem nec elit. Curabitur blandit tempus porttitor. Etiam porta sem malesuada magna mollis euismod. Praesent commodo cursus magna, vel scelerisque nisl consectetur et. Nulla vitae elit libero, a pharetra augue.<\\/p>\",\"26\":[\"10\"],\"23\":\"<p>Lorem ipsum dolor sit amet, consectetur adipiscing elit. Vivamus sagittis lacus vel augue laoreet rutrum faucibus dolor auctor. Donec id elit non mi porta gravida at eget metus. Donec sed odio dui.<\\/p><p>Vestibulum id ligula porta felis euismod semper. Sed posuere consectetur est at lobortis. Duis mollis, est non commodo luctus, nisi erat porttitor ligula, eget lacinia odio sem nec elit. Curabitur blandit tempus porttitor. Etiam porta sem malesuada magna mollis euismod. Praesent commodo cursus magna, vel scelerisque nisl consectetur et. Nulla vitae elit libero, a pharetra augue.<\\/p>\"}}','2014-06-06 00:50:46','2014-06-06 00:50:46','a227158d-ae81-4dd2-bc4a-86ffe513b92a'),
 ('42','11','2','1','en_us',null,'{\"authorId\":\"1\",\"title\":\"This is the News Post One Title\",\"slug\":\"this-is-the-news-post-one-title\",\"postDate\":1402015140,\"expiryDate\":null,\"enabled\":1,\"fields\":{\"24\":[\"True\"],\"22\":\"<p>{Post Body}&nbsp;Lorem ipsum dolor sit amet, consectetur adipiscing elit. Curabitur blandit tempus porttitor. Maecenas faucibus mollis interdum. Sed posuere consectetur est at lobortis. Maecenas faucibus mollis interdum.<\\/p><p>\\r\\n\\tAenean lacinia bibendum nulla sed consectetur. Integer posuere erat a ante venenatis dapibus posuere velit aliquet. Donec ullamcorper nulla non metus auctor fringilla. Morbi leo risus, porta ac consectetur ac, vestibulum at eros. Fusce dapibus, tellus ac cursus commodo, tortor mauris condimentum nibh, ut fermentum massa justo sit amet risus.<\\/p><p>\\r\\n\\tVestibulum id ligula porta felis euismod semper. Cum sociis natoque penatibus et magnis dis parturient montes, nascetur ridiculus mus. Etiam porta sem malesuada magna mollis euismod. Morbi leo risus, porta ac consectetur ac, vestibulum at eros. Nullam quis risus eget urna mollis ornare vel eu leo. Maecenas faucibus mollis interdum. Cras justo odio, dapibus ac facilisis in, egestas eget quam.<\\/p><p>\\r\\n\\tCras mattis consectetur purus sit amet fermentum. Donec sed odio dui. Cras mattis consectetur purus sit amet fermentum. Integer posuere erat a ante venenatis dapibus posuere velit aliquet. Donec id elit non mi porta gravida at eget metus. Donec id elit non mi porta gravida at eget metus. Nulla vitae elit libero, a pharetra augue.<\\/p>\",\"26\":[\"10\"],\"23\":\"<p>{Post Intro}&nbsp;Etiam porta sem malesuada magna mollis euismod. Morbi leo risus, porta ac consectetur ac, vestibulum at eros. Cras justo odio, dapibus ac facilisis in, egestas eget quam. Nulla vitae elit libero, a pharetra augue.<\\/p>\"}}','2014-06-06 00:58:06','2014-06-06 00:58:06','8e5c721d-d0a7-4702-96c5-7ea7716127e7'),
 ('43','11','2','1','en_us',null,'{\"authorId\":\"1\",\"title\":\"This is the News Post One Title\",\"slug\":\"this-is-the-news-post-one-title\",\"postDate\":1402015140,\"expiryDate\":null,\"enabled\":1,\"fields\":{\"24\":[\"True\"],\"22\":\"<p>{Post Body}&nbsp;Lorem ipsum dolor sit amet, consectetur adipiscing elit. Curabitur blandit tempus porttitor. Maecenas faucibus mollis interdum. Sed posuere consectetur est at lobortis. Maecenas faucibus mollis interdum.<\\/p><p>\\r\\n\\tAenean lacinia bibendum nulla sed consectetur. Integer posuere erat a ante venenatis dapibus posuere velit aliquet. Donec ullamcorper nulla non metus auctor fringilla. Morbi leo risus, porta ac consectetur ac, vestibulum at eros. Fusce dapibus, tellus ac cursus commodo, tortor mauris condimentum nibh, ut fermentum massa justo sit amet risus.<\\/p><p>\\r\\n\\tVestibulum id ligula porta felis euismod semper. Cum sociis natoque penatibus et magnis dis parturient montes, nascetur ridiculus mus. Etiam porta sem malesuada magna mollis euismod. Morbi leo risus, porta ac consectetur ac, vestibulum at eros. Nullam quis risus eget urna mollis ornare vel eu leo. Maecenas faucibus mollis interdum. Cras justo odio, dapibus ac facilisis in, egestas eget quam.<\\/p><p>\\r\\n\\tCras mattis consectetur purus sit amet fermentum. Donec sed odio dui. Cras mattis consectetur purus sit amet fermentum. Integer posuere erat a ante venenatis dapibus posuere velit aliquet. Donec id elit non mi porta gravida at eget metus. Donec id elit non mi porta gravida at eget metus. Nulla vitae elit libero, a pharetra augue.<\\/p>\",\"26\":[\"10\"],\"23\":\"<p>{Post Intro}&nbsp;Etiam porta sem malesuada magna mollis euismod. Morbi leo risus, porta ac consectetur ac, vestibulum at eros. Cras justo odio, dapibus ac facilisis in, egestas eget quam. Nulla vitae elit libero, a pharetra augue.<\\/p>\"}}','2014-06-06 00:58:11','2014-06-06 00:58:11','90ac2de9-2255-435b-80e4-336dae945a9f'),
 ('44','12','2','1','en_us',null,'{\"authorId\":\"1\",\"title\":\"News Post Two Title {Intro Hidden on Post Page}\",\"slug\":\"news-post-two-title-intro-hidden-on-post-page\",\"postDate\":1402015800,\"expiryDate\":null,\"enabled\":1,\"fields\":{\"24\":\"\",\"22\":\"<p>{Post Body}&nbsp;Lorem ipsum dolor sit amet, consectetur adipiscing elit. Vivamus sagittis lacus vel augue laoreet rutrum faucibus dolor auctor. Donec id elit non mi porta gravida at eget metus. Donec sed odio dui.<\\/p><p>Vestibulum id ligula porta felis euismod semper. Sed posuere consectetur est at lobortis. Duis mollis, est non commodo luctus, nisi erat porttitor ligula, eget lacinia odio sem nec elit. Curabitur blandit tempus porttitor. Etiam porta sem malesuada magna mollis euismod. Praesent commodo cursus magna, vel scelerisque nisl consectetur et. Nulla vitae elit libero, a pharetra augue.Lorem ipsum dolor sit amet, consectetur adipiscing elit. Vivamus sagittis lacus vel augue laoreet rutrum faucibus dolor auctor. Donec id elit non mi porta gravida at eget metus. Donec sed odio dui.<\\/p><p>Vestibulum id ligula porta felis euismod semper. Sed posuere consectetur est at lobortis. Duis mollis, est non commodo luctus, nisi erat porttitor ligula, eget lacinia odio sem nec elit. Curabitur blandit tempus porttitor. Etiam porta sem malesuada magna mollis euismod. Praesent commodo cursus magna, vel scelerisque nisl consectetur et. Nulla vitae elit libero, a pharetra augue.Lorem ipsum dolor sit amet, consectetur adipiscing elit. Vivamus sagittis lacus vel augue laoreet rutrum faucibus dolor auctor. Donec id elit non mi porta gravida at eget metus. Donec sed odio dui.<\\/p><p>Vestibulum id ligula porta felis euismod semper. Sed posuere consectetur est at lobortis. Duis mollis, est non commodo luctus, nisi erat porttitor ligula, eget lacinia odio sem nec elit. Curabitur blandit tempus porttitor. Etiam porta sem malesuada magna mollis euismod. Praesent commodo cursus magna, vel scelerisque nisl consectetur et. Nulla vitae elit libero, a pharetra augue.Lorem ipsum dolor sit amet, consectetur adipiscing elit. Vivamus sagittis lacus vel augue laoreet rutrum faucibus dolor auctor. Donec id elit non mi porta gravida at eget metus. Donec sed odio dui.<\\/p><p>Vestibulum id ligula porta felis euismod semper. Sed posuere consectetur est at lobortis. Duis mollis, est non commodo luctus, nisi erat porttitor ligula, eget lacinia odio sem nec elit. Curabitur blandit tempus porttitor. Etiam porta sem malesuada magna mollis euismod. Praesent commodo cursus magna, vel scelerisque nisl consectetur et. Nulla vitae elit libero, a pharetra augue.Lorem ipsum dolor sit amet, consectetur adipiscing elit. Vivamus sagittis lacus vel augue laoreet rutrum faucibus dolor auctor. Donec id elit non mi porta gravida at eget metus. Donec sed odio dui.<\\/p><p>Vestibulum id ligula porta felis euismod semper. Sed posuere consectetur est at lobortis. Duis mollis, est non commodo luctus, nisi erat porttitor ligula, eget lacinia odio sem nec elit. Curabitur blandit tempus porttitor. Etiam porta sem malesuada magna mollis euismod. Praesent commodo cursus magna, vel scelerisque nisl consectetur et. Nulla vitae elit libero, a pharetra augue.Lorem ipsum dolor sit amet, consectetur adipiscing elit. Vivamus sagittis lacus vel augue laoreet rutrum faucibus dolor auctor. Donec id elit non mi porta gravida at eget metus. Donec sed odio dui.<\\/p><p>Vestibulum id ligula porta felis euismod semper. Sed posuere consectetur est at lobortis. Duis mollis, est non commodo luctus, nisi erat porttitor ligula, eget lacinia odio sem nec elit. Curabitur blandit tempus porttitor. Etiam porta sem malesuada magna mollis euismod. Praesent commodo cursus magna, vel scelerisque nisl consectetur et. Nulla vitae elit libero, a pharetra augue.Lorem ipsum dolor sit amet, consectetur adipiscing elit. Vivamus sagittis lacus vel augue laoreet rutrum faucibus dolor auctor. Donec id elit non mi porta gravida at eget metus. Donec sed odio dui.<\\/p><p>Vestibulum id ligula porta felis euismod semper. Sed posuere consectetur est at lobortis. Duis mollis, est non commodo luctus, nisi erat porttitor ligula, eget lacinia odio sem nec elit. Curabitur blandit tempus porttitor. Etiam porta sem malesuada magna mollis euismod. Praesent commodo cursus magna, vel scelerisque nisl consectetur et. Nulla vitae elit libero, a pharetra augue.<\\/p>\",\"26\":[\"10\"],\"23\":\"<p>{Post Intro}&nbsp;Lorem ipsum dolor sit amet, consectetur adipiscing elit. Vivamus sagittis lacus vel augue laoreet rutrum faucibus dolor auctor. Donec id elit non mi porta gravida at eget metus. Donec sed odio dui.<\\/p><p>Vestibulum id ligula porta felis euismod semper. Sed posuere consectetur est at lobortis. Duis mollis, est non commodo luctus, nisi erat porttitor ligula, eget lacinia odio sem nec elit. Curabitur blandit tempus porttitor. Etiam porta sem malesuada magna mollis euismod. Praesent commodo cursus magna, vel scelerisque nisl consectetur et. Nulla vitae elit libero, a pharetra augue.<\\/p>\"}}','2014-06-06 00:58:27','2014-06-06 00:58:27','c14fe9b5-d5a6-4ce2-9a99-d1ffb5d06d1e'),
 ('45','12','2','1','en_us',null,'{\"authorId\":\"1\",\"title\":\"News Post Two Title\",\"slug\":\"news-post-two-title-intro-hidden-on-post-page\",\"postDate\":1402015800,\"expiryDate\":null,\"enabled\":1,\"fields\":{\"24\":\"\",\"22\":\"<p>{Post Body}&nbsp;Lorem ipsum dolor sit amet, consectetur adipiscing elit. Vivamus sagittis lacus vel augue laoreet rutrum faucibus dolor auctor. Donec id elit non mi porta gravida at eget metus. Donec sed odio dui.<\\/p><p>Vestibulum id ligula porta felis euismod semper. Sed posuere consectetur est at lobortis. Duis mollis, est non commodo luctus, nisi erat porttitor ligula, eget lacinia odio sem nec elit. Curabitur blandit tempus porttitor. Etiam porta sem malesuada magna mollis euismod. Praesent commodo cursus magna, vel scelerisque nisl consectetur et. Nulla vitae elit libero, a pharetra augue.Lorem ipsum dolor sit amet, consectetur adipiscing elit. Vivamus sagittis lacus vel augue laoreet rutrum faucibus dolor auctor. Donec id elit non mi porta gravida at eget metus. Donec sed odio dui.<\\/p><p>Vestibulum id ligula porta felis euismod semper. Sed posuere consectetur est at lobortis. Duis mollis, est non commodo luctus, nisi erat porttitor ligula, eget lacinia odio sem nec elit. Curabitur blandit tempus porttitor. Etiam porta sem malesuada magna mollis euismod. Praesent commodo cursus magna, vel scelerisque nisl consectetur et. Nulla vitae elit libero, a pharetra augue.Lorem ipsum dolor sit amet, consectetur adipiscing elit. Vivamus sagittis lacus vel augue laoreet rutrum faucibus dolor auctor. Donec id elit non mi porta gravida at eget metus. Donec sed odio dui.<\\/p><p>Vestibulum id ligula porta felis euismod semper. Sed posuere consectetur est at lobortis. Duis mollis, est non commodo luctus, nisi erat porttitor ligula, eget lacinia odio sem nec elit. Curabitur blandit tempus porttitor. Etiam porta sem malesuada magna mollis euismod. Praesent commodo cursus magna, vel scelerisque nisl consectetur et. Nulla vitae elit libero, a pharetra augue.Lorem ipsum dolor sit amet, consectetur adipiscing elit. Vivamus sagittis lacus vel augue laoreet rutrum faucibus dolor auctor. Donec id elit non mi porta gravida at eget metus. Donec sed odio dui.<\\/p><p>Vestibulum id ligula porta felis euismod semper. Sed posuere consectetur est at lobortis. Duis mollis, est non commodo luctus, nisi erat porttitor ligula, eget lacinia odio sem nec elit. Curabitur blandit tempus porttitor. Etiam porta sem malesuada magna mollis euismod. Praesent commodo cursus magna, vel scelerisque nisl consectetur et. Nulla vitae elit libero, a pharetra augue.Lorem ipsum dolor sit amet, consectetur adipiscing elit. Vivamus sagittis lacus vel augue laoreet rutrum faucibus dolor auctor. Donec id elit non mi porta gravida at eget metus. Donec sed odio dui.<\\/p><p>Vestibulum id ligula porta felis euismod semper. Sed posuere consectetur est at lobortis. Duis mollis, est non commodo luctus, nisi erat porttitor ligula, eget lacinia odio sem nec elit. Curabitur blandit tempus porttitor. Etiam porta sem malesuada magna mollis euismod. Praesent commodo cursus magna, vel scelerisque nisl consectetur et. Nulla vitae elit libero, a pharetra augue.Lorem ipsum dolor sit amet, consectetur adipiscing elit. Vivamus sagittis lacus vel augue laoreet rutrum faucibus dolor auctor. Donec id elit non mi porta gravida at eget metus. Donec sed odio dui.<\\/p><p>Vestibulum id ligula porta felis euismod semper. Sed posuere consectetur est at lobortis. Duis mollis, est non commodo luctus, nisi erat porttitor ligula, eget lacinia odio sem nec elit. Curabitur blandit tempus porttitor. Etiam porta sem malesuada magna mollis euismod. Praesent commodo cursus magna, vel scelerisque nisl consectetur et. Nulla vitae elit libero, a pharetra augue.Lorem ipsum dolor sit amet, consectetur adipiscing elit. Vivamus sagittis lacus vel augue laoreet rutrum faucibus dolor auctor. Donec id elit non mi porta gravida at eget metus. Donec sed odio dui.<\\/p><p>Vestibulum id ligula porta felis euismod semper. Sed posuere consectetur est at lobortis. Duis mollis, est non commodo luctus, nisi erat porttitor ligula, eget lacinia odio sem nec elit. Curabitur blandit tempus porttitor. Etiam porta sem malesuada magna mollis euismod. Praesent commodo cursus magna, vel scelerisque nisl consectetur et. Nulla vitae elit libero, a pharetra augue.<\\/p>\",\"26\":[\"10\"],\"23\":\"<p>{Post Intro}&nbsp;Lorem ipsum dolor sit amet, consectetur adipiscing elit. Vivamus sagittis lacus vel augue laoreet rutrum faucibus dolor auctor. Donec id elit non mi porta gravida at eget metus. Donec sed odio dui.<\\/p><p>Vestibulum id ligula porta felis euismod semper. Sed posuere consectetur est at lobortis. Duis mollis, est non commodo luctus, nisi erat porttitor ligula, eget lacinia odio sem nec elit. Curabitur blandit tempus porttitor. Etiam porta sem malesuada magna mollis euismod. Praesent commodo cursus magna, vel scelerisque nisl consectetur et. Nulla vitae elit libero, a pharetra augue.<\\/p>\"}}','2014-06-06 00:59:28','2014-06-06 00:59:28','8eefe5e3-ab43-4f29-b2e6-b7b7d128d96c'),
 ('46','11','2','1','en_us',null,'{\"authorId\":\"1\",\"title\":\"This is the News Post One Title\",\"slug\":\"this-is-the-news-post-one-title\",\"postDate\":1402015140,\"expiryDate\":null,\"enabled\":1,\"fields\":{\"24\":[\"True\"],\"22\":\"<p>{Post Body}&nbsp;Lorem ipsum dolor sit amet, consectetur adipiscing elit. Curabitur blandit tempus porttitor. Maecenas faucibus mollis interdum. Sed posuere consectetur est at lobortis. Maecenas faucibus mollis interdum.<\\/p><p>\\r\\n\\tAenean lacinia bibendum nulla sed consectetur. Integer posuere erat a ante venenatis dapibus posuere velit aliquet. Donec ullamcorper nulla non metus auctor fringilla. Morbi leo risus, porta ac consectetur ac, vestibulum at eros. Fusce dapibus, tellus ac cursus commodo, tortor mauris condimentum nibh, ut fermentum massa justo sit amet risus.<\\/p><p>\\r\\n\\tVestibulum id ligula porta felis euismod semper. Cum sociis natoque penatibus et magnis dis parturient montes, nascetur ridiculus mus. Etiam porta sem malesuada magna mollis euismod. Morbi leo risus, porta ac consectetur ac, vestibulum at eros. Nullam quis risus eget urna mollis ornare vel eu leo. Maecenas faucibus mollis interdum. Cras justo odio, dapibus ac facilisis in, egestas eget quam.<\\/p><p>\\r\\n\\tCras mattis consectetur purus sit amet fermentum. Donec sed odio dui. Cras mattis consectetur purus sit amet fermentum. Integer posuere erat a ante venenatis dapibus posuere velit aliquet. Donec id elit non mi porta gravida at eget metus. Donec id elit non mi porta gravida at eget metus. Nulla vitae elit libero, a pharetra augue.<\\/p>\",\"26\":[\"10\"],\"23\":\"<p>{Post Intro}&nbsp;Etiam porta sem malesuada magna mollis euismod. Morbi leo risus, porta ac consectetur ac, vestibulum at eros. Cras justo odio, dapibus ac facilisis in, egestas eget quam. Nulla vitae elit libero, a pharetra augue.<\\/p>\"}}','2014-06-06 00:59:51','2014-06-06 00:59:51','6b58b37b-dada-4a26-bee3-ce3fd041b715'),
 ('47','17','5','1','en_us',null,'{\"authorId\":\"1\",\"title\":\"Disclaimer\",\"slug\":\"disclaimer\",\"postDate\":1402027311,\"expiryDate\":null,\"enabled\":1,\"fields\":{\"2\":\"<h4>Disclaimer Heading<\\/h4><p>\\r\\n\\tMaecenas faucibus mollis interdum. Nullam id dolor id nibh ultricies vehicula ut id elit. Vivamus sagittis lacus vel augue laoreet rutrum faucibus dolor auctor. Donec sed odio dui. Donec sed odio dui. Morbi leo risus, porta ac consectetur ac, vestibulum at eros. Curabitur blandit tempus porttitor.<\\/p><p>\\r\\n\\tSed posuere consectetur est at lobortis. Aenean lacinia bibendum nulla sed consectetur. Nullam quis risus eget urna mollis ornare vel eu leo. Nulla vitae elit libero, a pharetra augue. Etiam porta sem malesuada magna mollis euismod. Aenean eu leo quam. Pellentesque ornare sem lacinia quam venenatis vestibulum.<\\/p><p>\\r\\n\\tSed posuere consectetur est at lobortis. Curabitur blandit tempus porttitor. Nullam id dolor id nibh ultricies vehicula ut id elit. Vestibulum id ligula porta felis euismod semper. Nullam quis risus eget urna mollis ornare vel eu leo. Maecenas faucibus mollis interdum.<\\/p><p>\\r\\n\\tInteger posuere erat a ante venenatis dapibus posuere velit aliquet. Aenean eu leo quam. Pellentesque ornare sem lacinia quam venenatis vestibulum. Donec sed odio dui. Maecenas sed diam eget risus varius blandit sit amet non magna. Aenean eu leo quam. Pellentesque ornare sem lacinia quam venenatis vestibulum. Nulla vitae elit libero, a pharetra augue. Curabitur blandit tempus porttitor.<\\/p>\",\"32\":[\"16\"]}}','2014-06-06 04:01:51','2014-06-06 04:01:51','73bf49de-e2af-417d-931e-be8d2d9961f9'),
 ('48','18','5','1','en_us',null,'{\"authorId\":\"1\",\"title\":\"Privacy Policy\",\"slug\":\"privacy-policy\",\"postDate\":1402027354,\"expiryDate\":null,\"enabled\":1,\"fields\":{\"2\":\"<h4>Privacy Policy Header<\\/h4><p>\\r\\n\\tMaecenas faucibus mollis interdum. Nullam id dolor id nibh ultricies vehicula ut id elit. Vivamus sagittis lacus vel augue laoreet rutrum faucibus dolor auctor. Donec sed odio dui. Donec sed odio dui. Morbi leo risus, porta ac consectetur ac, vestibulum at eros. Curabitur blandit tempus porttitor.<\\/p><p>\\r\\n\\tSed posuere consectetur est at lobortis. Aenean lacinia bibendum nulla sed consectetur. Nullam quis risus eget urna mollis ornare vel eu leo. Nulla vitae elit libero, a pharetra augue. Etiam porta sem malesuada magna mollis euismod. Aenean eu leo quam. Pellentesque ornare sem lacinia quam venenatis vestibulum.<\\/p><p>\\r\\n\\tSed posuere consectetur est at lobortis. Curabitur blandit tempus porttitor. Nullam id dolor id nibh ultricies vehicula ut id elit. Vestibulum id ligula porta felis euismod semper. Nullam quis risus eget urna mollis ornare vel eu leo. Maecenas faucibus mollis interdum.<\\/p><p>\\r\\n\\tInteger posuere erat a ante venenatis dapibus posuere velit aliquet. Aenean eu leo quam. Pellentesque ornare sem lacinia quam venenatis vestibulum. Donec sed odio dui. Maecenas sed diam eget risus varius blandit sit amet non magna. Aenean eu leo quam. Pellentesque ornare sem lacinia quam venenatis vestibulum. Nulla vitae elit libero, a pharetra augue. Curabitur blandit tempus porttitor.<\\/p>\",\"32\":[\"16\"]}}','2014-06-06 04:02:34','2014-06-06 04:02:34','fd7f5a1c-4a3e-4680-8f9c-4131f7d9ea53'),
 ('49','19','5','1','en_us',null,'{\"authorId\":\"1\",\"title\":\"About\",\"slug\":\"about\",\"postDate\":1402027611,\"expiryDate\":null,\"enabled\":1,\"fields\":{\"2\":\"<h4>About Header<\\/h4>\\r\\n<p>\\r\\n\\tMaecenas faucibus mollis interdum. Nullam id dolor id nibh ultricies vehicula ut id elit. Vivamus sagittis lacus vel augue laoreet rutrum faucibus dolor auctor. Donec sed odio dui. Donec sed odio dui. Morbi leo risus, porta ac consectetur ac, vestibulum at eros. Curabitur blandit tempus porttitor.\\r\\n<\\/p>\\r\\n<p>\\r\\n\\tSed posuere consectetur est at lobortis. Aenean lacinia bibendum nulla sed consectetur. Nullam quis risus eget urna mollis ornare vel eu leo. Nulla vitae elit libero, a pharetra augue. Etiam porta sem malesuada magna mollis euismod. Aenean eu leo quam. Pellentesque ornare sem lacinia quam venenatis vestibulum.\\r\\n<\\/p>\\r\\n<p>\\r\\n\\tSed posuere consectetur est at lobortis. Curabitur blandit tempus porttitor. Nullam id dolor id nibh ultricies vehicula ut id elit. Vestibulum id ligula porta felis euismod semper. Nullam quis risus eget urna mollis ornare vel eu leo. Maecenas faucibus mollis interdum.\\r\\n<\\/p>\\r\\n<p>\\r\\n\\tInteger posuere erat a ante venenatis dapibus posuere velit aliquet. Aenean eu leo quam. Pellentesque ornare sem lacinia quam venenatis vestibulum. Donec sed odio dui. Maecenas sed diam eget risus varius blandit sit amet non magna. Aenean eu leo quam. Pellentesque ornare sem lacinia quam venenatis vestibulum. Nulla vitae elit libero, a pharetra augue. Curabitur blandit tempus porttitor.\\r\\n<\\/p>\",\"32\":[\"16\"]}}','2014-06-06 04:06:51','2014-06-06 04:06:51','259d6058-f06d-42c1-a9e6-ba97ba841eb9'),
 ('50','20','5','1','en_us',null,'{\"authorId\":\"1\",\"title\":\"Architecture\",\"slug\":\"architecture\",\"postDate\":1402027639,\"expiryDate\":null,\"enabled\":1,\"fields\":{\"2\":\"<h4>Disclaimer Heading<\\/h4><p>\\r\\n\\tMaecenas faucibus mollis interdum. Nullam id dolor id nibh ultricies vehicula ut id elit. Vivamus sagittis lacus vel augue laoreet rutrum faucibus dolor auctor. Donec sed odio dui. Donec sed odio dui. Morbi leo risus, porta ac consectetur ac, vestibulum at eros. Curabitur blandit tempus porttitor.<\\/p><p>\\r\\n\\tSed posuere consectetur est at lobortis. Aenean lacinia bibendum nulla sed consectetur. Nullam quis risus eget urna mollis ornare vel eu leo. Nulla vitae elit libero, a pharetra augue. Etiam porta sem malesuada magna mollis euismod. Aenean eu leo quam. Pellentesque ornare sem lacinia quam venenatis vestibulum.<\\/p><p>\\r\\n\\tSed posuere consectetur est at lobortis. Curabitur blandit tempus porttitor. Nullam id dolor id nibh ultricies vehicula ut id elit. Vestibulum id ligula porta felis euismod semper. Nullam quis risus eget urna mollis ornare vel eu leo. Maecenas faucibus mollis interdum.<\\/p><p>\\r\\n\\tInteger posuere erat a ante venenatis dapibus posuere velit aliquet. Aenean eu leo quam. Pellentesque ornare sem lacinia quam venenatis vestibulum. Donec sed odio dui. Maecenas sed diam eget risus varius blandit sit amet non magna. Aenean eu leo quam. Pellentesque ornare sem lacinia quam venenatis vestibulum. Nulla vitae elit libero, a pharetra augue. Curabitur blandit tempus porttitor.<\\/p>\",\"32\":[\"16\"]}}','2014-06-06 04:07:19','2014-06-06 04:07:19','4c19efba-615b-47ae-9ba0-1f63a7ce0e1f'),
 ('51','21','5','1','en_us',null,'{\"authorId\":\"1\",\"title\":\"Service\",\"slug\":\"service\",\"postDate\":1402027669,\"expiryDate\":null,\"enabled\":1,\"fields\":{\"2\":\"<h4>Service Heading<\\/h4><p>\\r\\n\\tMaecenas faucibus mollis interdum. Nullam id dolor id nibh ultricies vehicula ut id elit. Vivamus sagittis lacus vel augue laoreet rutrum faucibus dolor auctor. Donec sed odio dui. Donec sed odio dui. Morbi leo risus, porta ac consectetur ac, vestibulum at eros. Curabitur blandit tempus porttitor.<\\/p><p>\\r\\n\\tSed posuere consectetur est at lobortis. Aenean lacinia bibendum nulla sed consectetur. Nullam quis risus eget urna mollis ornare vel eu leo. Nulla vitae elit libero, a pharetra augue. Etiam porta sem malesuada magna mollis euismod. Aenean eu leo quam. Pellentesque ornare sem lacinia quam venenatis vestibulum.<\\/p><p>\\r\\n\\tSed posuere consectetur est at lobortis. Curabitur blandit tempus porttitor. Nullam id dolor id nibh ultricies vehicula ut id elit. Vestibulum id ligula porta felis euismod semper. Nullam quis risus eget urna mollis ornare vel eu leo. Maecenas faucibus mollis interdum.<\\/p><p>\\r\\n\\tInteger posuere erat a ante venenatis dapibus posuere velit aliquet. Aenean eu leo quam. Pellentesque ornare sem lacinia quam venenatis vestibulum. Donec sed odio dui. Maecenas sed diam eget risus varius blandit sit amet non magna. Aenean eu leo quam. Pellentesque ornare sem lacinia quam venenatis vestibulum. Nulla vitae elit libero, a pharetra augue. Curabitur blandit tempus porttitor.<\\/p>\",\"32\":[\"16\"]}}','2014-06-06 04:07:49','2014-06-06 04:07:49','2e85308e-aa03-4280-afe9-b1734f7051b6');
insert into `craft_entryversions` values('52','20','5','1','en_us',null,'{\"authorId\":\"1\",\"title\":\"Architecture\",\"slug\":\"architecture\",\"postDate\":1402027620,\"expiryDate\":null,\"enabled\":1,\"fields\":{\"2\":\"<h4>Architecture Heading<\\/h4><p>\\r\\n\\tMaecenas faucibus mollis interdum. Nullam id dolor id nibh ultricies vehicula ut id elit. Vivamus sagittis lacus vel augue laoreet rutrum faucibus dolor auctor. Donec sed odio dui. Donec sed odio dui. Morbi leo risus, porta ac consectetur ac, vestibulum at eros. Curabitur blandit tempus porttitor.<\\/p><p>\\r\\n\\tSed posuere consectetur est at lobortis. Aenean lacinia bibendum nulla sed consectetur. Nullam quis risus eget urna mollis ornare vel eu leo. Nulla vitae elit libero, a pharetra augue. Etiam porta sem malesuada magna mollis euismod. Aenean eu leo quam. Pellentesque ornare sem lacinia quam venenatis vestibulum.<\\/p><p>\\r\\n\\tSed posuere consectetur est at lobortis. Curabitur blandit tempus porttitor. Nullam id dolor id nibh ultricies vehicula ut id elit. Vestibulum id ligula porta felis euismod semper. Nullam quis risus eget urna mollis ornare vel eu leo. Maecenas faucibus mollis interdum.<\\/p><p>\\r\\n\\tInteger posuere erat a ante venenatis dapibus posuere velit aliquet. Aenean eu leo quam. Pellentesque ornare sem lacinia quam venenatis vestibulum. Donec sed odio dui. Maecenas sed diam eget risus varius blandit sit amet non magna. Aenean eu leo quam. Pellentesque ornare sem lacinia quam venenatis vestibulum. Nulla vitae elit libero, a pharetra augue. Curabitur blandit tempus porttitor.<\\/p>\",\"32\":[\"16\"]}}','2014-06-06 04:07:59','2014-06-06 04:07:59','5809306e-c744-46e6-9459-b671b6db7a07'),
 ('53','22','5','1','en_us',null,'{\"authorId\":\"1\",\"title\":\"Fees\",\"slug\":\"fees\",\"postDate\":1402027712,\"expiryDate\":null,\"enabled\":1,\"fields\":{\"2\":\"<h4>Fees Heading<\\/h4><p>\\r\\n\\tMaecenas faucibus mollis interdum. Nullam id dolor id nibh ultricies vehicula ut id elit. Vivamus sagittis lacus vel augue laoreet rutrum faucibus dolor auctor. Donec sed odio dui. Donec sed odio dui. Morbi leo risus, porta ac consectetur ac, vestibulum at eros. Curabitur blandit tempus porttitor.<\\/p><p>\\r\\n\\tSed posuere consectetur est at lobortis. Aenean lacinia bibendum nulla sed consectetur. Nullam quis risus eget urna mollis ornare vel eu leo. Nulla vitae elit libero, a pharetra augue. Etiam porta sem malesuada magna mollis euismod. Aenean eu leo quam. Pellentesque ornare sem lacinia quam venenatis vestibulum.<\\/p><p>\\r\\n\\tSed posuere consectetur est at lobortis. Curabitur blandit tempus porttitor. Nullam id dolor id nibh ultricies vehicula ut id elit. Vestibulum id ligula porta felis euismod semper. Nullam quis risus eget urna mollis ornare vel eu leo. Maecenas faucibus mollis interdum.<\\/p><p>\\r\\n\\tInteger posuere erat a ante venenatis dapibus posuere velit aliquet. Aenean eu leo quam. Pellentesque ornare sem lacinia quam venenatis vestibulum. Donec sed odio dui. Maecenas sed diam eget risus varius blandit sit amet non magna. Aenean eu leo quam. Pellentesque ornare sem lacinia quam venenatis vestibulum. Nulla vitae elit libero, a pharetra augue. Curabitur blandit tempus porttitor.<\\/p>\",\"32\":[\"16\"]}}','2014-06-06 04:08:32','2014-06-06 04:08:32','2a66adc1-fa23-43d0-8013-beb88ebbcfca'),
 ('55','26','6','1','en_us',null,'{\"authorId\":\"1\",\"title\":\"436 Stafford St\",\"slug\":\"436-stafford-st\",\"postDate\":1402184225,\"expiryDate\":null,\"enabled\":1,\"fields\":{\"38\":\"2700\",\"37\":\"Studio Chakra\",\"42\":[\"24\",\"25\"],\"36\":\"0\",\"33\":\"<p>\\r\\n\\tLorem ipsum dolor sit amet, consectetur adipisicing elit. Minus sequi voluptatem voluptatum perspiciatis sed consequatur assumenda ratione id dolor alias provident rem modi deserunt odit laboriosam pariatur exercitationem atque quo?<\\/p>\",\"46\":[\"showSuburb\",\"showCompleted\",\"showBuilder\",\"showArea\",\"showPhotographer\",\"showPdf\"],\"47\":[\"showSuburb\"],\"40\":\"\",\"39\":\"Ryan Belisle\",\"43\":\"\",\"35\":\"Charlton\",\"41\":\"\",\"34\":\"436 Stafford St\"}}','2014-06-07 23:37:05','2014-06-07 23:37:05','368c8104-1faf-4f71-93c5-ce19ef932e61'),
 ('56','26','6','1','en_us',null,'{\"authorId\":\"1\",\"title\":\"436 Stafford St\",\"slug\":\"436-stafford-st\",\"postDate\":1402184220,\"expiryDate\":null,\"enabled\":1,\"fields\":{\"38\":\"2700\",\"37\":\"Studio Chakra\",\"42\":[\"24\",\"25\"],\"36\":{\"date\":\"11\\/30\\/2010\"},\"33\":\"<p>\\r\\n\\tLorem ipsum dolor sit amet, consectetur adipisicing elit. Minus sequi voluptatem voluptatum perspiciatis sed consequatur assumenda ratione id dolor alias provident rem modi deserunt odit laboriosam pariatur exercitationem atque quo?<\\/p>\",\"46\":[\"showSuburb\",\"showCompleted\",\"showBuilder\",\"showArea\",\"showPhotographer\"],\"47\":[\"showSuburb\"],\"40\":\"\",\"39\":\"Ryan Belisle\",\"43\":\"\",\"35\":\"Charlton\",\"41\":\"\",\"34\":\"436 Stafford St\"}}','2014-06-07 23:38:14','2014-06-07 23:38:14','e90d8fbb-cf37-4e46-8026-f797dff0df5a'),
 ('57','26','6','1','en_us',null,'{\"authorId\":\"1\",\"title\":\"436 Stafford St\",\"slug\":\"436-stafford-st\",\"postDate\":1402184220,\"expiryDate\":null,\"enabled\":1,\"fields\":{\"38\":\"2700\",\"37\":\"Studio Chakra\",\"42\":[\"24\",\"25\"],\"36\":{\"date\":\"11\\/30\\/2010\"},\"33\":\"<p>\\r\\n\\tLorem ipsum dolor sit amet, consectetur adipisicing elit. Minus sequi voluptatem voluptatum perspiciatis sed consequatur assumenda ratione id dolor alias provident rem modi deserunt odit laboriosam pariatur exercitationem atque quo?<\\/p>\",\"46\":[\"showSuburb\",\"showCompleted\",\"showBuilder\",\"showArea\",\"showPhotographer\"],\"47\":[\"showSuburb\"],\"40\":\"\",\"39\":\"Ryan Belisle\",\"43\":\"\",\"35\":\"Charlton\",\"41\":[\"27\"],\"34\":\"436 Stafford St\"}}','2014-06-07 23:54:24','2014-06-07 23:54:24','accdfdec-895c-430e-a5fc-2f8740fb4ae1'),
 ('58','26','6','1','en_us',null,'{\"authorId\":\"1\",\"title\":\"436 Stafford St\",\"slug\":\"436-stafford-st\",\"postDate\":1402184220,\"expiryDate\":null,\"enabled\":1,\"fields\":{\"38\":\"2700\",\"37\":\"Studio Chakra\",\"42\":[\"24\",\"25\"],\"36\":{\"date\":\"11\\/30\\/2010\"},\"33\":\"<p>\\r\\n\\tLorem ipsum dolor sit amet, consectetur adipisicing elit. Minus sequi voluptatem voluptatum perspiciatis sed consequatur assumenda ratione id dolor alias provident rem modi deserunt odit laboriosam pariatur exercitationem atque quo?<\\/p>\",\"46\":[\"showSuburb\",\"showCompleted\",\"showBuilder\",\"showArea\",\"showPhotographer\"],\"47\":[\"showSuburb\"],\"40\":\"\",\"39\":\"Ryan Belisle\",\"43\":{\"new1\":{\"type\":\"slide\",\"enabled\":\"1\",\"fields\":{\"image\":[\"28\"],\"altText\":\"Project Slide 1\"}},\"new2\":{\"type\":\"slide\",\"enabled\":\"1\",\"fields\":{\"image\":[\"28\"],\"altText\":\"Project Slide 2\"}},\"new3\":{\"type\":\"slide\",\"enabled\":\"1\",\"fields\":{\"image\":[\"28\"],\"altText\":\"Project Slide 3\"}}},\"35\":\"Charlton\",\"41\":[\"27\"],\"34\":\"436 Stafford St\"}}','2014-06-07 23:58:51','2014-06-07 23:58:51','38d9aa84-ff18-4ed5-80cf-4880b8c9e0ea'),
 ('59','26','6','1','en_us',null,'{\"authorId\":\"1\",\"title\":\"Hopetoun Avenue House\",\"slug\":\"436-stafford-st\",\"postDate\":1402184220,\"expiryDate\":null,\"enabled\":1,\"fields\":{\"38\":\"N\\/A\",\"37\":\"SF Hough Pty Ltd\",\"42\":[\"24\"],\"36\":{\"date\":\"11\\/30\\/2006\"},\"33\":\"<p>Located on a steep site, this modern 5 level home was designed to maximize the views and take advantage of its northern orientation.  The building\\u2019s form combines horizontal bands of rendered masonry which are complimented by a vertical double height glazed entry volume. The large skillion roof completes the building providing shade to the outdoor terraces.<\\/p>\",\"46\":[\"showSuburb\",\"showCompleted\",\"showBuilder\",\"showArea\",\"showPhotographer\"],\"47\":[\"showSuburb\"],\"40\":\"\",\"39\":\"N\\/A\",\"43\":{\"29\":{\"type\":\"slide\",\"enabled\":\"1\",\"fields\":{\"image\":[\"28\"],\"altText\":\"Project Slide 1\"}},\"30\":{\"type\":\"slide\",\"enabled\":\"1\",\"fields\":{\"image\":[\"28\"],\"altText\":\"Project Slide 2\"}},\"31\":{\"type\":\"slide\",\"enabled\":\"1\",\"fields\":{\"image\":[\"28\"],\"altText\":\"Project Slide 3\"}}},\"35\":\"N\\/A\",\"41\":[\"27\"],\"34\":\"Hopetoun Avenue House\"}}','2014-06-08 00:16:47','2014-06-08 00:16:47','465579cf-d367-458b-9f78-623753a1bc13'),
 ('60','26','6','1','en_us',null,'{\"authorId\":\"1\",\"title\":\"Hopetoun Avenue House\",\"slug\":\"436-stafford-st\",\"postDate\":1402184220,\"expiryDate\":null,\"enabled\":1,\"fields\":{\"38\":\"N\\/A\",\"37\":\"SF Hough Pty Ltd\",\"42\":[\"24\"],\"36\":{\"date\":\"11\\/30\\/2006\"},\"33\":\"<p>Located on a steep site, this modern 5 level home was designed to maximize the views and take advantage of its northern orientation.  The building\\u2019s form combines horizontal bands of rendered masonry which are complimented by a vertical double height glazed entry volume. The large skillion roof completes the building providing shade to the outdoor terraces.<\\/p>\",\"46\":[\"showSuburb\",\"showCompleted\",\"showBuilder\",\"showArea\",\"showPhotographer\"],\"47\":[\"showSuburb\"],\"40\":\"\",\"39\":\"N\\/A\",\"43\":{\"29\":{\"type\":\"slide\",\"enabled\":\"1\",\"fields\":{\"image\":[\"28\"],\"altText\":\"Project Slide 1\"}},\"30\":{\"type\":\"slide\",\"enabled\":\"1\",\"fields\":{\"image\":[\"28\"],\"altText\":\"Project Slide 2\"}},\"31\":{\"type\":\"slide\",\"enabled\":\"1\",\"fields\":{\"image\":[\"28\"],\"altText\":\"Project Slide 3\"}}},\"35\":\"N\\/A\",\"41\":[\"35\"],\"34\":\"Hopetoun Avenue House\"}}','2014-06-08 00:22:19','2014-06-08 00:22:19','092999f9-26c3-48e6-ba84-71b1c8101ea9'),
 ('61','26','6','1','en_us',null,'{\"authorId\":\"1\",\"title\":\"Hopetoun Avenue House\",\"slug\":\"436-stafford-st\",\"postDate\":1402184220,\"expiryDate\":null,\"enabled\":1,\"fields\":{\"38\":\"N\\/A\",\"37\":\"SF Hough Pty Ltd\",\"42\":[\"24\"],\"36\":{\"date\":\"11\\/30\\/2006\"},\"33\":\"<p>Located on a steep site, this modern 5 level home was designed to maximize the views and take advantage of its northern orientation.  The building\\u2019s form combines horizontal bands of rendered masonry which are complimented by a vertical double height glazed entry volume. The large skillion roof completes the building providing shade to the outdoor terraces.<\\/p>\",\"46\":[\"showSuburb\",\"showCompleted\",\"showBuilder\",\"showArea\",\"showPhotographer\"],\"47\":[\"showSuburb\"],\"40\":\"\",\"39\":\"N\\/A\",\"43\":{\"29\":{\"type\":\"slide\",\"enabled\":\"1\",\"fields\":{\"image\":[\"36\"],\"altText\":\"\"}},\"30\":{\"type\":\"slide\",\"enabled\":\"1\",\"fields\":{\"image\":[\"37\"],\"altText\":\"\"}},\"31\":{\"type\":\"slide\",\"enabled\":\"1\",\"fields\":{\"image\":[\"38\"],\"altText\":\"\"}},\"new1\":{\"type\":\"slide\",\"enabled\":\"1\",\"fields\":{\"image\":[\"39\"],\"altText\":\"\"}},\"new2\":{\"type\":\"slide\",\"enabled\":\"1\",\"fields\":{\"image\":[\"40\"],\"altText\":\"\"}},\"new3\":{\"type\":\"slide\",\"enabled\":\"1\",\"fields\":{\"image\":[\"41\"],\"altText\":\"\"}},\"new4\":{\"type\":\"slide\",\"enabled\":\"1\",\"fields\":{\"image\":[\"42\"],\"altText\":\"\"}}},\"35\":\"N\\/A\",\"41\":[\"35\"],\"34\":\"Hopetoun Avenue House\"}}','2014-06-08 00:28:29','2014-06-08 00:28:29','c6b439c7-8ba8-4362-b33f-34f427955fb9'),
 ('62','26','6','1','en_us',null,'{\"authorId\":\"1\",\"title\":\"Hopetoun Avenue House\",\"slug\":\"hopetoun-avenue-house\",\"postDate\":1402184220,\"expiryDate\":null,\"enabled\":1,\"fields\":{\"38\":\"N\\/A\",\"37\":\"SF Hough Pty Ltd\",\"42\":[\"24\"],\"36\":{\"date\":\"11\\/30\\/2006\"},\"33\":\"<p>Located on a steep site, this modern 5 level home was designed to maximize the views and take advantage of its northern orientation.  The building\\u2019s form combines horizontal bands of rendered masonry which are complimented by a vertical double height glazed entry volume. The large skillion roof completes the building providing shade to the outdoor terraces.<\\/p>\",\"46\":[\"showSuburb\",\"showCompleted\",\"showBuilder\",\"showArea\",\"showPhotographer\"],\"47\":[\"showSuburb\"],\"40\":\"\",\"39\":\"N\\/A\",\"43\":{\"29\":{\"type\":\"slide\",\"enabled\":\"1\",\"fields\":{\"image\":[\"36\"],\"altText\":\"\"}},\"30\":{\"type\":\"slide\",\"enabled\":\"1\",\"fields\":{\"image\":[\"37\"],\"altText\":\"\"}},\"31\":{\"type\":\"slide\",\"enabled\":\"1\",\"fields\":{\"image\":[\"38\"],\"altText\":\"\"}},\"43\":{\"type\":\"slide\",\"enabled\":\"1\",\"fields\":{\"image\":[\"39\"],\"altText\":\"\"}},\"44\":{\"type\":\"slide\",\"enabled\":\"1\",\"fields\":{\"image\":[\"40\"],\"altText\":\"\"}},\"45\":{\"type\":\"slide\",\"enabled\":\"1\",\"fields\":{\"image\":[\"41\"],\"altText\":\"\"}},\"46\":{\"type\":\"slide\",\"enabled\":\"1\",\"fields\":{\"image\":[\"42\"],\"altText\":\"\"}}},\"35\":\"N\\/A\",\"41\":[\"35\"],\"34\":\"Hopetoun Avenue House\"}}','2014-06-08 00:29:47','2014-06-08 00:29:47','5dfa52b8-61e5-4de2-91da-33921ab783e9'),
 ('63','26','6','1','en_us',null,'{\"authorId\":\"1\",\"title\":\"Hopetoun Avenue House\",\"slug\":\"hopetoun-avenue-house\",\"postDate\":1402184220,\"expiryDate\":null,\"enabled\":1,\"fields\":{\"38\":\"N\\/A\",\"37\":\"SF Hough Pty Ltd\",\"42\":[\"24\"],\"36\":{\"date\":\"11\\/30\\/2006\"},\"33\":\"<p>Located on a steep site, this modern 5 level home was designed to maximize the views and take advantage of its northern orientation.  The building\\u2019s form combines horizontal bands of rendered masonry which are complimented by a vertical double height glazed entry volume. The large skillion roof completes the building providing shade to the outdoor terraces.<\\/p>\",\"46\":[\"showSuburb\",\"showCompleted\",\"showBuilder\",\"showArea\",\"showPhotographer\"],\"47\":[\"showSuburb\"],\"40\":\"\",\"39\":\"\",\"43\":{\"29\":{\"type\":\"slide\",\"enabled\":\"1\",\"fields\":{\"image\":[\"36\"],\"altText\":\"\"}},\"30\":{\"type\":\"slide\",\"enabled\":\"1\",\"fields\":{\"image\":[\"37\"],\"altText\":\"\"}},\"31\":{\"type\":\"slide\",\"enabled\":\"1\",\"fields\":{\"image\":[\"38\"],\"altText\":\"\"}},\"43\":{\"type\":\"slide\",\"enabled\":\"1\",\"fields\":{\"image\":[\"39\"],\"altText\":\"\"}},\"44\":{\"type\":\"slide\",\"enabled\":\"1\",\"fields\":{\"image\":[\"40\"],\"altText\":\"\"}},\"45\":{\"type\":\"slide\",\"enabled\":\"1\",\"fields\":{\"image\":[\"41\"],\"altText\":\"\"}},\"46\":{\"type\":\"slide\",\"enabled\":\"1\",\"fields\":{\"image\":[\"42\"],\"altText\":\"\"}}},\"35\":\"N\\/A\",\"41\":[\"35\"],\"34\":\"Hopetoun Avenue House\"}}','2014-06-11 00:48:29','2014-06-11 00:48:29','b631f8ef-29f1-41f1-b79c-87c02793f6e8'),
 ('64','26','6','1','en_us',null,'{\"authorId\":\"1\",\"title\":\"Hopetoun Avenue House\",\"slug\":\"hopetoun-avenue-house\",\"postDate\":1402184220,\"expiryDate\":null,\"enabled\":1,\"fields\":{\"38\":\"N\\/A\",\"37\":\"SF Hough Pty Ltd\",\"42\":[\"24\"],\"36\":{\"date\":\"11\\/30\\/2006\"},\"33\":\"<p>Located on a steep site, this modern 5 level home was designed to maximize the views and take advantage of its northern orientation.  The building\\u2019s form combines horizontal bands of rendered masonry which are complimented by a vertical double height glazed entry volume. The large skillion roof completes the building providing shade to the outdoor terraces.<\\/p>\",\"46\":[\"showSuburb\",\"showCompleted\",\"showBuilder\",\"showArea\"],\"47\":[\"showSuburb\"],\"40\":\"\",\"39\":\"N\\/A\",\"43\":{\"29\":{\"type\":\"slide\",\"enabled\":\"1\",\"fields\":{\"image\":[\"36\"],\"altText\":\"\"}},\"30\":{\"type\":\"slide\",\"enabled\":\"1\",\"fields\":{\"image\":[\"37\"],\"altText\":\"\"}},\"31\":{\"type\":\"slide\",\"enabled\":\"1\",\"fields\":{\"image\":[\"38\"],\"altText\":\"\"}},\"43\":{\"type\":\"slide\",\"enabled\":\"1\",\"fields\":{\"image\":[\"39\"],\"altText\":\"\"}},\"44\":{\"type\":\"slide\",\"enabled\":\"1\",\"fields\":{\"image\":[\"40\"],\"altText\":\"\"}},\"45\":{\"type\":\"slide\",\"enabled\":\"1\",\"fields\":{\"image\":[\"41\"],\"altText\":\"\"}},\"46\":{\"type\":\"slide\",\"enabled\":\"1\",\"fields\":{\"image\":[\"42\"],\"altText\":\"\"}}},\"35\":\"N\\/A\",\"41\":[\"35\"],\"34\":\"Hopetoun Avenue House\"}}','2014-06-11 00:48:52','2014-06-11 00:48:52','7afdc696-7dca-47ef-9577-1eaf9214eed3'),
 ('65','26','6','1','en_us',null,'{\"authorId\":\"1\",\"title\":\"Hopetoun Avenue House\",\"slug\":\"hopetoun-avenue-house\",\"postDate\":1402184220,\"expiryDate\":null,\"enabled\":1,\"fields\":{\"38\":\"N\\/A\",\"37\":\"SF Hough Pty Ltd\",\"42\":[\"24\"],\"36\":{\"date\":\"11\\/30\\/2006\"},\"33\":\"<p>Located on a steep site, this modern 5 level home was designed to maximize the views and take advantage of its northern orientation.  The building\\u2019s form combines horizontal bands of rendered masonry which are complimented by a vertical double height glazed entry volume. The large skillion roof completes the building providing shade to the outdoor terraces.<\\/p>\",\"46\":[\"showSuburb\",\"showCompleted\",\"showBuilder\",\"showArea\",\"showPhotographer\"],\"47\":[\"showSuburb\"],\"40\":\"\",\"39\":\"N\\/A\",\"43\":{\"29\":{\"type\":\"slide\",\"enabled\":\"1\",\"fields\":{\"image\":[\"36\"],\"altText\":\"\"}},\"30\":{\"type\":\"slide\",\"enabled\":\"1\",\"fields\":{\"image\":[\"37\"],\"altText\":\"\"}},\"31\":{\"type\":\"slide\",\"enabled\":\"1\",\"fields\":{\"image\":[\"38\"],\"altText\":\"\"}},\"43\":{\"type\":\"slide\",\"enabled\":\"1\",\"fields\":{\"image\":[\"39\"],\"altText\":\"\"}},\"44\":{\"type\":\"slide\",\"enabled\":\"1\",\"fields\":{\"image\":[\"40\"],\"altText\":\"\"}},\"45\":{\"type\":\"slide\",\"enabled\":\"1\",\"fields\":{\"image\":[\"41\"],\"altText\":\"\"}},\"46\":{\"type\":\"slide\",\"enabled\":\"1\",\"fields\":{\"image\":[\"42\"],\"altText\":\"\"}}},\"35\":\"N\\/A\",\"41\":[\"35\"],\"34\":\"Hopetoun Avenue House\"}}','2014-06-11 00:50:55','2014-06-11 00:50:55','bc4c4ee3-c821-4025-a9e0-6787ea55b96f'),
 ('66','26','6','1','en_us',null,'{\"authorId\":\"1\",\"title\":\"Hopetoun Avenue House\",\"slug\":\"hopetoun-avenue-house\",\"postDate\":1402184220,\"expiryDate\":null,\"enabled\":1,\"fields\":{\"38\":\"N\\/A\",\"37\":\"SF Hough Pty Ltd\",\"42\":[\"24\"],\"36\":{\"date\":\"11\\/30\\/2006\"},\"33\":\"<p>Located on a steep site, this modern 5 level home was designed to maximize the views and take advantage of its northern orientation.  The building\\u2019s form combines horizontal bands of rendered masonry which are complimented by a vertical double height glazed entry volume. The large skillion roof completes the building providing shade to the outdoor terraces.<\\/p>\",\"46\":[\"showSuburb\",\"showCompleted\",\"showBuilder\",\"showArea\"],\"47\":[\"showSuburb\"],\"40\":\"\",\"39\":\"N\\/A\",\"43\":{\"29\":{\"type\":\"slide\",\"enabled\":\"1\",\"fields\":{\"image\":[\"36\"],\"altText\":\"\"}},\"30\":{\"type\":\"slide\",\"enabled\":\"1\",\"fields\":{\"image\":[\"37\"],\"altText\":\"\"}},\"31\":{\"type\":\"slide\",\"enabled\":\"1\",\"fields\":{\"image\":[\"38\"],\"altText\":\"\"}},\"43\":{\"type\":\"slide\",\"enabled\":\"1\",\"fields\":{\"image\":[\"39\"],\"altText\":\"\"}},\"44\":{\"type\":\"slide\",\"enabled\":\"1\",\"fields\":{\"image\":[\"40\"],\"altText\":\"\"}},\"45\":{\"type\":\"slide\",\"enabled\":\"1\",\"fields\":{\"image\":[\"41\"],\"altText\":\"\"}},\"46\":{\"type\":\"slide\",\"enabled\":\"1\",\"fields\":{\"image\":[\"42\"],\"altText\":\"\"}}},\"35\":\"N\\/A\",\"41\":[\"35\"],\"34\":\"Hopetoun Avenue House\"}}','2014-06-11 00:52:44','2014-06-11 00:52:44','780d8db7-868b-469f-8359-b49e77adb87e'),
 ('67','26','6','1','en_us',null,'{\"authorId\":\"1\",\"title\":\"Hopetoun Avenue House\",\"slug\":\"hopetoun-avenue-house\",\"postDate\":1402184220,\"expiryDate\":null,\"enabled\":1,\"fields\":{\"38\":\"N\\/A\",\"37\":\"SF Hough Pty Ltd\",\"42\":[\"24\"],\"36\":{\"date\":\"11\\/30\\/2006\"},\"33\":\"<p>Located on a steep site, this modern 5 level home was designed to maximize the views and take advantage of its northern orientation.  The building\\u2019s form combines horizontal bands of rendered masonry which are complimented by a vertical double height glazed entry volume. The large skillion roof completes the building providing shade to the outdoor terraces.<\\/p>\",\"46\":[\"showSuburb\"],\"47\":[\"showSuburb\"],\"40\":\"\",\"39\":\"N\\/A\",\"43\":{\"29\":{\"type\":\"slide\",\"enabled\":\"1\",\"fields\":{\"image\":[\"36\"],\"altText\":\"\"}},\"30\":{\"type\":\"slide\",\"enabled\":\"1\",\"fields\":{\"image\":[\"37\"],\"altText\":\"\"}},\"31\":{\"type\":\"slide\",\"enabled\":\"1\",\"fields\":{\"image\":[\"38\"],\"altText\":\"\"}},\"43\":{\"type\":\"slide\",\"enabled\":\"1\",\"fields\":{\"image\":[\"39\"],\"altText\":\"\"}},\"44\":{\"type\":\"slide\",\"enabled\":\"1\",\"fields\":{\"image\":[\"40\"],\"altText\":\"\"}},\"45\":{\"type\":\"slide\",\"enabled\":\"1\",\"fields\":{\"image\":[\"41\"],\"altText\":\"\"}},\"46\":{\"type\":\"slide\",\"enabled\":\"1\",\"fields\":{\"image\":[\"42\"],\"altText\":\"\"}}},\"35\":\"N\\/A\",\"41\":[\"35\"],\"34\":\"Hopetoun Avenue House\"}}','2014-06-11 00:52:56','2014-06-11 00:52:56','c7efbb31-bd0e-44bb-8073-80110f039d1a'),
 ('68','26','6','1','en_us',null,'{\"authorId\":\"1\",\"title\":\"Hopetoun Avenue House\",\"slug\":\"hopetoun-avenue-house\",\"postDate\":1402184220,\"expiryDate\":null,\"enabled\":1,\"fields\":{\"38\":\"\",\"37\":\"\",\"42\":[\"24\"],\"36\":{\"date\":\"11\\/30\\/2006\"},\"33\":\"<p>Located on a steep site, this modern 5 level home was designed to maximize the views and take advantage of its northern orientation.  The building\\u2019s form combines horizontal bands of rendered masonry which are complimented by a vertical double height glazed entry volume. The large skillion roof completes the building providing shade to the outdoor terraces.<\\/p>\",\"46\":[\"showSuburb\",\"showCompleted\",\"showBuilder\",\"showArea\",\"showPhotographer\"],\"47\":[\"showSuburb\"],\"40\":\"\",\"39\":\"\",\"43\":{\"29\":{\"type\":\"slide\",\"enabled\":\"1\",\"fields\":{\"image\":[\"36\"],\"altText\":\"\"}},\"30\":{\"type\":\"slide\",\"enabled\":\"1\",\"fields\":{\"image\":[\"37\"],\"altText\":\"\"}},\"31\":{\"type\":\"slide\",\"enabled\":\"1\",\"fields\":{\"image\":[\"38\"],\"altText\":\"\"}},\"43\":{\"type\":\"slide\",\"enabled\":\"1\",\"fields\":{\"image\":[\"39\"],\"altText\":\"\"}},\"44\":{\"type\":\"slide\",\"enabled\":\"1\",\"fields\":{\"image\":[\"40\"],\"altText\":\"\"}},\"45\":{\"type\":\"slide\",\"enabled\":\"1\",\"fields\":{\"image\":[\"41\"],\"altText\":\"\"}},\"46\":{\"type\":\"slide\",\"enabled\":\"1\",\"fields\":{\"image\":[\"42\"],\"altText\":\"\"}}},\"35\":\"N\\/A\",\"41\":[\"35\"],\"34\":\"Hopetoun Avenue House\"}}','2014-06-11 00:53:17','2014-06-11 00:53:17','f0871121-eb50-43fc-b033-ceb356f0b910'),
 ('69','26','6','1','en_us',null,'{\"authorId\":\"1\",\"title\":\"Hopetoun Avenue House\",\"slug\":\"hopetoun-avenue-house\",\"postDate\":1402184220,\"expiryDate\":null,\"enabled\":1,\"fields\":{\"38\":\"\",\"37\":\"SF Hough Pty Ltd\",\"42\":[\"24\"],\"36\":{\"date\":\"11\\/30\\/2006\"},\"33\":\"<p>Located on a steep site, this modern 5 level home was designed to maximize the views and take advantage of its northern orientation.  The building\\u2019s form combines horizontal bands of rendered masonry which are complimented by a vertical double height glazed entry volume. The large skillion roof completes the building providing shade to the outdoor terraces.<\\/p>\",\"46\":[\"showSuburb\",\"showCompleted\",\"showBuilder\",\"showArea\",\"showPhotographer\"],\"47\":[\"showSuburb\"],\"40\":\"\",\"39\":\"\",\"43\":{\"29\":{\"type\":\"slide\",\"enabled\":\"1\",\"fields\":{\"image\":[\"36\"],\"altText\":\"\"}},\"30\":{\"type\":\"slide\",\"enabled\":\"1\",\"fields\":{\"image\":[\"37\"],\"altText\":\"\"}},\"31\":{\"type\":\"slide\",\"enabled\":\"1\",\"fields\":{\"image\":[\"38\"],\"altText\":\"\"}},\"43\":{\"type\":\"slide\",\"enabled\":\"1\",\"fields\":{\"image\":[\"39\"],\"altText\":\"\"}},\"44\":{\"type\":\"slide\",\"enabled\":\"1\",\"fields\":{\"image\":[\"40\"],\"altText\":\"\"}},\"45\":{\"type\":\"slide\",\"enabled\":\"1\",\"fields\":{\"image\":[\"41\"],\"altText\":\"\"}},\"46\":{\"type\":\"slide\",\"enabled\":\"1\",\"fields\":{\"image\":[\"42\"],\"altText\":\"\"}}},\"35\":\"N\\/A\",\"41\":[\"35\"],\"34\":\"Hopetoun Avenue House\"}}','2014-06-11 00:53:41','2014-06-11 00:53:41','15000fc6-c6ec-476d-880c-01159e8e0091'),
 ('70','26','6','1','en_us',null,'{\"authorId\":\"1\",\"title\":\"Hopetoun Avenue House\",\"slug\":\"hopetoun-avenue-house\",\"postDate\":1402184220,\"expiryDate\":null,\"enabled\":1,\"fields\":{\"38\":\"\",\"37\":\"SF Hough Pty Ltd\",\"42\":[\"24\"],\"36\":{\"date\":\"11\\/30\\/2006\"},\"33\":\"<p>Located on a steep site, this modern 5 level home was designed to maximize the views and take advantage of its northern orientation.  The building\\u2019s form combines horizontal bands of rendered masonry which are complimented by a vertical double height glazed entry volume. The large skillion roof completes the building providing shade to the outdoor terraces.<\\/p>\",\"46\":[\"showSuburb\",\"showCompleted\",\"showBuilder\",\"showArea\",\"showPhotographer\"],\"47\":[\"showSuburb\"],\"40\":\"\",\"39\":\"\",\"43\":{\"29\":{\"type\":\"slide\",\"enabled\":\"1\",\"fields\":{\"image\":[\"36\"],\"altText\":\"\"}},\"30\":{\"type\":\"slide\",\"enabled\":\"1\",\"fields\":{\"image\":[\"37\"],\"altText\":\"\"}},\"31\":{\"type\":\"slide\",\"enabled\":\"1\",\"fields\":{\"image\":[\"38\"],\"altText\":\"\"}},\"43\":{\"type\":\"slide\",\"enabled\":\"1\",\"fields\":{\"image\":[\"39\"],\"altText\":\"\"}},\"44\":{\"type\":\"slide\",\"enabled\":\"1\",\"fields\":{\"image\":[\"40\"],\"altText\":\"\"}},\"45\":{\"type\":\"slide\",\"enabled\":\"1\",\"fields\":{\"image\":[\"41\"],\"altText\":\"\"}},\"46\":{\"type\":\"slide\",\"enabled\":\"1\",\"fields\":{\"image\":[\"42\"],\"altText\":\"\"}}},\"35\":\"\",\"41\":[\"35\"],\"34\":\"Hopetoun Avenue House\"}}','2014-06-11 00:55:44','2014-06-11 00:55:44','c7870843-b778-41c2-88c3-6cd172369fde'),
 ('71','26','6','1','en_us',null,'{\"authorId\":\"1\",\"title\":\"Hopetoun Avenue House\",\"slug\":\"hopetoun-avenue-house\",\"postDate\":1402184220,\"expiryDate\":null,\"enabled\":1,\"fields\":{\"38\":\"\",\"37\":\"SF Hough Pty Ltd\",\"42\":[\"24\"],\"36\":{\"date\":\"11\\/30\\/2006\"},\"33\":\"<p>Located on a steep site, this modern 5 level home was designed to maximize the views and take advantage of its northern orientation.  The building\\u2019s form combines horizontal bands of rendered masonry which are complimented by a vertical double height glazed entry volume. The large skillion roof completes the building providing shade to the outdoor terraces.<\\/p>\",\"46\":[\"showCompleted\",\"showBuilder\",\"showArea\",\"showPhotographer\"],\"47\":[\"showSuburb\"],\"40\":\"\",\"39\":\"\",\"43\":{\"29\":{\"type\":\"slide\",\"enabled\":\"1\",\"fields\":{\"image\":[\"36\"],\"altText\":\"\"}},\"30\":{\"type\":\"slide\",\"enabled\":\"1\",\"fields\":{\"image\":[\"37\"],\"altText\":\"\"}},\"31\":{\"type\":\"slide\",\"enabled\":\"1\",\"fields\":{\"image\":[\"38\"],\"altText\":\"\"}},\"43\":{\"type\":\"slide\",\"enabled\":\"1\",\"fields\":{\"image\":[\"39\"],\"altText\":\"\"}},\"44\":{\"type\":\"slide\",\"enabled\":\"1\",\"fields\":{\"image\":[\"40\"],\"altText\":\"\"}},\"45\":{\"type\":\"slide\",\"enabled\":\"1\",\"fields\":{\"image\":[\"41\"],\"altText\":\"\"}},\"46\":{\"type\":\"slide\",\"enabled\":\"1\",\"fields\":{\"image\":[\"42\"],\"altText\":\"\"}}},\"35\":\"N\\/A\",\"41\":[\"35\"],\"34\":\"Hopetoun Avenue House\"}}','2014-06-11 00:56:08','2014-06-11 00:56:08','bf469280-d49f-44f6-a8ec-bdc2d46b8ae8'),
 ('72','26','6','1','en_us',null,'{\"authorId\":\"1\",\"title\":\"Hopetoun Avenue House\",\"slug\":\"hopetoun-avenue-house\",\"postDate\":1402184220,\"expiryDate\":null,\"enabled\":1,\"fields\":{\"38\":\"\",\"37\":\"SF Hough Pty Ltd\",\"42\":[\"24\"],\"36\":{\"date\":\"11\\/30\\/2006\"},\"33\":\"<p>Located on a steep site, this modern 5 level home was designed to maximize the views and take advantage of its northern orientation.  The building\\u2019s form combines horizontal bands of rendered masonry which are complimented by a vertical double height glazed entry volume. The large skillion roof completes the building providing shade to the outdoor terraces.<\\/p>\",\"46\":[\"showSuburb\",\"showCompleted\",\"showBuilder\",\"showArea\",\"showPhotographer\"],\"47\":[\"showSuburb\"],\"40\":\"\",\"39\":\"\",\"43\":{\"29\":{\"type\":\"slide\",\"enabled\":\"1\",\"fields\":{\"image\":[\"36\"],\"altText\":\"\"}},\"30\":{\"type\":\"slide\",\"enabled\":\"1\",\"fields\":{\"image\":[\"37\"],\"altText\":\"\"}},\"31\":{\"type\":\"slide\",\"enabled\":\"1\",\"fields\":{\"image\":[\"38\"],\"altText\":\"\"}},\"43\":{\"type\":\"slide\",\"enabled\":\"1\",\"fields\":{\"image\":[\"39\"],\"altText\":\"\"}},\"44\":{\"type\":\"slide\",\"enabled\":\"1\",\"fields\":{\"image\":[\"40\"],\"altText\":\"\"}},\"45\":{\"type\":\"slide\",\"enabled\":\"1\",\"fields\":{\"image\":[\"41\"],\"altText\":\"\"}},\"46\":{\"type\":\"slide\",\"enabled\":\"1\",\"fields\":{\"image\":[\"42\"],\"altText\":\"\"}}},\"35\":\"N\\/A\",\"41\":[\"35\"],\"34\":\"Hopetoun Avenue House\"}}','2014-06-11 00:56:18','2014-06-11 00:56:18','cc233ff1-8f0b-4745-82d3-b3445e951ec0'),
 ('73','26','6','1','en_us',null,'{\"authorId\":\"1\",\"title\":\"Hopetoun Avenue House\",\"slug\":\"hopetoun-avenue-house\",\"postDate\":1402184220,\"expiryDate\":null,\"enabled\":1,\"fields\":{\"38\":\"\",\"37\":\"SF Hough Pty Ltd\",\"42\":[\"24\"],\"36\":{\"date\":\"11\\/30\\/2006\"},\"33\":\"<p>Located on a steep site, this modern 5 level home was designed to maximize the views and take advantage of its northern orientation.  The building\\u2019s form combines horizontal bands of rendered masonry which are complimented by a vertical double height glazed entry volume. The large skillion roof completes the building providing shade to the outdoor terraces.<\\/p>\",\"46\":[\"showSuburb\",\"showCompleted\",\"showBuilder\",\"showArea\",\"showPhotographer\"],\"47\":[\"showSuburb\"],\"40\":[\"47\"],\"39\":\"\",\"43\":{\"29\":{\"type\":\"slide\",\"enabled\":\"1\",\"fields\":{\"image\":[\"36\"],\"altText\":\"\"}},\"30\":{\"type\":\"slide\",\"enabled\":\"1\",\"fields\":{\"image\":[\"37\"],\"altText\":\"\"}},\"31\":{\"type\":\"slide\",\"enabled\":\"1\",\"fields\":{\"image\":[\"38\"],\"altText\":\"\"}},\"43\":{\"type\":\"slide\",\"enabled\":\"1\",\"fields\":{\"image\":[\"39\"],\"altText\":\"\"}},\"44\":{\"type\":\"slide\",\"enabled\":\"1\",\"fields\":{\"image\":[\"40\"],\"altText\":\"\"}},\"45\":{\"type\":\"slide\",\"enabled\":\"1\",\"fields\":{\"image\":[\"41\"],\"altText\":\"\"}},\"46\":{\"type\":\"slide\",\"enabled\":\"1\",\"fields\":{\"image\":[\"42\"],\"altText\":\"\"}}},\"35\":\"N\\/A\",\"41\":[\"35\"],\"34\":\"Hopetoun Avenue House\"}}','2014-06-11 01:00:44','2014-06-11 01:00:44','6338afae-13d0-476f-a170-5f153c2a8858'),
 ('74','26','6','1','en_us',null,'{\"authorId\":\"1\",\"title\":\"Hopetoun Avenue House\",\"slug\":\"hopetoun-avenue-house\",\"postDate\":1402184220,\"expiryDate\":null,\"enabled\":1,\"fields\":{\"38\":\"\",\"37\":\"SF Hough Pty Ltd\",\"42\":[\"24\"],\"36\":{\"date\":\"11\\/30\\/2006\"},\"33\":\"<p>Located on a steep site, this modern 5 level home was designed to maximize the views and take advantage of its northern orientation.  The building\\u2019s form combines horizontal bands of rendered masonry which are complimented by a vertical double height glazed entry volume. The large skillion roof completes the building providing shade to the outdoor terraces.<\\/p>\",\"46\":[\"showSuburb\",\"showCompleted\",\"showBuilder\",\"showArea\",\"showPhotographer\"],\"47\":[\"showSuburb\"],\"40\":[\"48\"],\"39\":\"\",\"43\":{\"29\":{\"type\":\"slide\",\"enabled\":\"1\",\"fields\":{\"image\":[\"36\"],\"altText\":\"\"}},\"30\":{\"type\":\"slide\",\"enabled\":\"1\",\"fields\":{\"image\":[\"37\"],\"altText\":\"\"}},\"31\":{\"type\":\"slide\",\"enabled\":\"1\",\"fields\":{\"image\":[\"38\"],\"altText\":\"\"}},\"43\":{\"type\":\"slide\",\"enabled\":\"1\",\"fields\":{\"image\":[\"39\"],\"altText\":\"\"}},\"44\":{\"type\":\"slide\",\"enabled\":\"1\",\"fields\":{\"image\":[\"40\"],\"altText\":\"\"}},\"45\":{\"type\":\"slide\",\"enabled\":\"1\",\"fields\":{\"image\":[\"41\"],\"altText\":\"\"}},\"46\":{\"type\":\"slide\",\"enabled\":\"1\",\"fields\":{\"image\":[\"42\"],\"altText\":\"\"}}},\"35\":\"N\\/A\",\"41\":[\"35\"],\"34\":\"Hopetoun Avenue House\"}}','2014-06-11 01:02:32','2014-06-11 01:02:32','bd1cea05-6066-4431-ae59-40d4bf275d60'),
 ('75','26','6','1','en_us',null,'{\"authorId\":\"1\",\"title\":\"Hopetoun Avenue House\",\"slug\":\"hopetoun-avenue-house\",\"postDate\":1402184220,\"expiryDate\":null,\"enabled\":1,\"fields\":{\"38\":\"\",\"37\":\"SF Hough Pty Ltd\",\"42\":[\"24\"],\"36\":\"2006\",\"33\":\"<p>Located on a steep site, this modern 5 level home was designed to maximize the views and take advantage of its northern orientation.  The building\\u2019s form combines horizontal bands of rendered masonry which are complimented by a vertical double height glazed entry volume. The large skillion roof completes the building providing shade to the outdoor terraces.<\\/p>\",\"46\":[\"showSuburb\",\"showCompleted\",\"showBuilder\",\"showArea\",\"showPhotographer\"],\"47\":[\"showSuburb\"],\"40\":[\"48\"],\"39\":\"\",\"43\":{\"29\":{\"type\":\"slide\",\"enabled\":\"1\",\"fields\":{\"image\":[\"36\"],\"altText\":\"\"}},\"30\":{\"type\":\"slide\",\"enabled\":\"1\",\"fields\":{\"image\":[\"37\"],\"altText\":\"\"}},\"31\":{\"type\":\"slide\",\"enabled\":\"1\",\"fields\":{\"image\":[\"38\"],\"altText\":\"\"}},\"43\":{\"type\":\"slide\",\"enabled\":\"1\",\"fields\":{\"image\":[\"39\"],\"altText\":\"\"}},\"44\":{\"type\":\"slide\",\"enabled\":\"1\",\"fields\":{\"image\":[\"40\"],\"altText\":\"\"}},\"45\":{\"type\":\"slide\",\"enabled\":\"1\",\"fields\":{\"image\":[\"41\"],\"altText\":\"\"}},\"46\":{\"type\":\"slide\",\"enabled\":\"1\",\"fields\":{\"image\":[\"42\"],\"altText\":\"\"}}},\"35\":\"N\\/A\",\"41\":[\"35\"],\"34\":\"Hopetoun Avenue House\"}}','2014-06-11 01:04:24','2014-06-11 01:04:24','d9e58062-2595-4917-a4c7-7e4e0ef4eee5'),
 ('76','26','6','1','en_us',null,'{\"authorId\":\"1\",\"title\":\"Hopetoun Avenue House\",\"slug\":\"hopetoun-avenue-house\",\"postDate\":1402184220,\"expiryDate\":null,\"enabled\":1,\"fields\":{\"38\":\"\",\"37\":\"SF Hough Pty Ltd\",\"42\":[\"24\"],\"36\":\"2006\",\"33\":\"<p>Located on a steep site, this modern 5 level home was designed to maximize the views and take advantage of its northern orientation.  The building\\u2019s form combines horizontal bands of rendered masonry which are complimented by a vertical double height glazed entry volume. The large skillion roof completes the building providing shade to the outdoor terraces.<\\/p>\",\"46\":[\"showSuburb\",\"showCompleted\",\"showBuilder\",\"showArea\",\"showPhotographer\"],\"47\":[\"showSuburb\"],\"40\":[\"48\"],\"39\":\"\",\"43\":{\"29\":{\"type\":\"slide\",\"enabled\":\"1\",\"fields\":{\"image\":[\"36\"],\"altText\":\"\"}},\"30\":{\"type\":\"slide\",\"enabled\":\"1\",\"fields\":{\"image\":[\"37\"],\"altText\":\"\"}},\"31\":{\"type\":\"slide\",\"enabled\":\"1\",\"fields\":{\"image\":[\"38\"],\"altText\":\"\"}},\"43\":{\"type\":\"slide\",\"enabled\":\"1\",\"fields\":{\"image\":[\"39\"],\"altText\":\"\"}},\"44\":{\"type\":\"slide\",\"enabled\":\"1\",\"fields\":{\"image\":[\"40\"],\"altText\":\"\"}},\"45\":{\"type\":\"slide\",\"enabled\":\"1\",\"fields\":{\"image\":[\"41\"],\"altText\":\"\"}},\"46\":{\"type\":\"slide\",\"enabled\":\"1\",\"fields\":{\"image\":[\"42\"],\"altText\":\"\"}}},\"35\":\"\",\"41\":[\"35\"],\"34\":\"Hopetoun Avenue House\"}}','2014-06-11 01:05:26','2014-06-11 01:05:26','6cb9ee12-3c90-466c-bb25-3d3ba099e599'),
 ('77','26','6','1','en_us',null,'{\"authorId\":\"1\",\"title\":\"Hopetoun Avenue House\",\"slug\":\"hopetoun-avenue-house\",\"postDate\":1402184220,\"expiryDate\":null,\"enabled\":1,\"fields\":{\"38\":\"\",\"37\":\"SF Hough Pty Ltd\",\"42\":[\"24\"],\"36\":\"2006\",\"33\":\"<p>Located on a steep site, this modern 5 level home was designed to maximize the views and take advantage of its northern orientation.  The building\\u2019s form combines horizontal bands of rendered masonry which are complimented by a vertical double height glazed entry volume. The large skillion roof completes the building providing shade to the outdoor terraces.<\\/p>\",\"46\":[\"showCompleted\",\"showBuilder\",\"showArea\",\"showPhotographer\"],\"47\":[\"showSuburb\"],\"40\":[\"48\"],\"39\":\"\",\"43\":{\"29\":{\"type\":\"slide\",\"enabled\":\"1\",\"fields\":{\"image\":[\"36\"],\"altText\":\"\"}},\"30\":{\"type\":\"slide\",\"enabled\":\"1\",\"fields\":{\"image\":[\"37\"],\"altText\":\"\"}},\"31\":{\"type\":\"slide\",\"enabled\":\"1\",\"fields\":{\"image\":[\"38\"],\"altText\":\"\"}},\"43\":{\"type\":\"slide\",\"enabled\":\"1\",\"fields\":{\"image\":[\"39\"],\"altText\":\"\"}},\"44\":{\"type\":\"slide\",\"enabled\":\"1\",\"fields\":{\"image\":[\"40\"],\"altText\":\"\"}},\"45\":{\"type\":\"slide\",\"enabled\":\"1\",\"fields\":{\"image\":[\"41\"],\"altText\":\"\"}},\"46\":{\"type\":\"slide\",\"enabled\":\"1\",\"fields\":{\"image\":[\"42\"],\"altText\":\"\"}}},\"35\":\"N\\/A\",\"41\":[\"35\"],\"34\":\"Hopetoun Avenue House\"}}','2014-06-11 01:05:39','2014-06-11 01:05:39','88f1e9f3-fdc9-4ccb-bad1-c665dd506c09'),
 ('78','26','6','1','en_us',null,'{\"authorId\":\"1\",\"title\":\"Hopetoun Avenue House\",\"slug\":\"hopetoun-avenue-house\",\"postDate\":1402184220,\"expiryDate\":null,\"enabled\":1,\"fields\":{\"38\":\"\",\"37\":\"SF Hough Pty Ltd\",\"42\":[\"24\"],\"36\":\"2006\",\"33\":\"<p>Located on a steep site, this modern 5 level home was designed to maximize the views and take advantage of its northern orientation.  The building\\u2019s form combines horizontal bands of rendered masonry which are complimented by a vertical double height glazed entry volume. The large skillion roof completes the building providing shade to the outdoor terraces.<\\/p>\",\"46\":[\"showSuburb\",\"showCompleted\",\"showBuilder\",\"showArea\",\"showPhotographer\"],\"47\":\"\",\"40\":[\"48\"],\"39\":\"\",\"43\":{\"29\":{\"type\":\"slide\",\"enabled\":\"1\",\"fields\":{\"image\":[\"36\"],\"altText\":\"\"}},\"30\":{\"type\":\"slide\",\"enabled\":\"1\",\"fields\":{\"image\":[\"37\"],\"altText\":\"\"}},\"31\":{\"type\":\"slide\",\"enabled\":\"1\",\"fields\":{\"image\":[\"38\"],\"altText\":\"\"}},\"43\":{\"type\":\"slide\",\"enabled\":\"1\",\"fields\":{\"image\":[\"39\"],\"altText\":\"\"}},\"44\":{\"type\":\"slide\",\"enabled\":\"1\",\"fields\":{\"image\":[\"40\"],\"altText\":\"\"}},\"45\":{\"type\":\"slide\",\"enabled\":\"1\",\"fields\":{\"image\":[\"41\"],\"altText\":\"\"}},\"46\":{\"type\":\"slide\",\"enabled\":\"1\",\"fields\":{\"image\":[\"42\"],\"altText\":\"\"}}},\"35\":\"N\\/A\",\"41\":[\"35\"],\"34\":\"Hopetoun Avenue House\"}}','2014-06-11 01:05:44','2014-06-11 01:05:44','047c67a2-1e05-41db-849a-21b4b642fcc2'),
 ('79','26','6','1','en_us',null,'{\"authorId\":\"1\",\"title\":\"Hopetoun Avenue House\",\"slug\":\"hopetoun-avenue-house\",\"postDate\":1402184220,\"expiryDate\":null,\"enabled\":1,\"fields\":{\"38\":\"\",\"37\":\"SF Hough Pty Ltd\",\"42\":[\"24\"],\"36\":\"2006\",\"33\":\"<p>Located on a steep site, this modern 5 level home was designed to maximize the views and take advantage of its northern orientation.  The building\\u2019s form combines horizontal bands of rendered masonry which are complimented by a vertical double height glazed entry volume. The large skillion roof completes the building providing shade to the outdoor terraces.<\\/p>\",\"46\":[\"showSuburb\",\"showCompleted\",\"showBuilder\",\"showArea\",\"showPhotographer\"],\"47\":[\"showSuburb\"],\"40\":[\"48\"],\"39\":\"\",\"43\":{\"29\":{\"type\":\"slide\",\"enabled\":\"1\",\"fields\":{\"image\":[\"36\"],\"altText\":\"\"}},\"30\":{\"type\":\"slide\",\"enabled\":\"1\",\"fields\":{\"image\":[\"37\"],\"altText\":\"\"}},\"31\":{\"type\":\"slide\",\"enabled\":\"1\",\"fields\":{\"image\":[\"38\"],\"altText\":\"\"}},\"43\":{\"type\":\"slide\",\"enabled\":\"1\",\"fields\":{\"image\":[\"39\"],\"altText\":\"\"}},\"44\":{\"type\":\"slide\",\"enabled\":\"1\",\"fields\":{\"image\":[\"40\"],\"altText\":\"\"}},\"45\":{\"type\":\"slide\",\"enabled\":\"1\",\"fields\":{\"image\":[\"41\"],\"altText\":\"\"}},\"46\":{\"type\":\"slide\",\"enabled\":\"1\",\"fields\":{\"image\":[\"42\"],\"altText\":\"\"}}},\"35\":\"N\\/A\",\"41\":[\"35\"],\"34\":\"Hopetoun Avenue House\"}}','2014-06-11 01:05:55','2014-06-11 01:05:55','4b638980-8398-4fa7-a0bd-fe975c90fc1d'),
 ('80','26','6','1','en_us',null,'{\"authorId\":\"1\",\"title\":\"Hopetoun Avenue House\",\"slug\":\"hopetoun-avenue-house\",\"postDate\":1402184220,\"expiryDate\":null,\"enabled\":1,\"fields\":{\"38\":\"\",\"37\":\"SF Hough Pty Ltd\",\"42\":[\"24\"],\"36\":\"2006\",\"33\":\"<p>Located on a steep site, this modern 5 level home was designed to maximize the views and take advantage of its northern orientation.  The building\\u2019s form combines horizontal bands of rendered masonry which are complimented by a vertical double height glazed entry volume. The large skillion roof completes the building providing shade to the outdoor terraces.<\\/p>\",\"46\":[\"showSuburb\",\"showCompleted\",\"showBuilder\",\"showArea\",\"showPhotographer\"],\"47\":[\"showSuburb\"],\"40\":[\"48\"],\"39\":\"\",\"43\":{\"29\":{\"type\":\"slide\",\"enabled\":\"1\",\"fields\":{\"image\":[\"36\"],\"altText\":\"Slide One\"}},\"30\":{\"type\":\"slide\",\"enabled\":\"1\",\"fields\":{\"image\":[\"37\"],\"altText\":\"Slide Two\"}},\"31\":{\"type\":\"slide\",\"enabled\":\"1\",\"fields\":{\"image\":[\"38\"],\"altText\":\"\"}},\"43\":{\"type\":\"slide\",\"enabled\":\"1\",\"fields\":{\"image\":[\"39\"],\"altText\":\"\"}},\"44\":{\"type\":\"slide\",\"enabled\":\"1\",\"fields\":{\"image\":[\"40\"],\"altText\":\"\"}},\"45\":{\"type\":\"slide\",\"enabled\":\"1\",\"fields\":{\"image\":[\"41\"],\"altText\":\"\"}},\"46\":{\"type\":\"slide\",\"enabled\":\"1\",\"fields\":{\"image\":[\"42\"],\"altText\":\"\"}}},\"35\":\"N\\/A\",\"41\":[\"35\"],\"34\":\"Hopetoun Avenue House\"}}','2014-06-11 01:24:17','2014-06-11 01:24:17','1165e465-7461-467f-b3d7-287baa4b41f2'),
 ('81','26','6','1','en_us',null,'{\"authorId\":\"1\",\"title\":\"Hopetoun Avenue House\",\"slug\":\"hopetoun-avenue-house\",\"postDate\":1402184220,\"expiryDate\":null,\"enabled\":1,\"fields\":{\"38\":\"\",\"37\":\"SF Hough Pty Ltd\",\"42\":[\"24\"],\"36\":\"2006\",\"33\":\"<p>Located on a steep site, this modern 5 level home was designed to maximize the views and take advantage of its northern orientation.  The building\\u2019s form combines horizontal bands of rendered masonry which are complimented by a vertical double height glazed entry volume. The large skillion roof completes the building providing shade to the outdoor terraces.<\\/p>\",\"46\":[\"showSuburb\",\"showCompleted\",\"showBuilder\",\"showArea\",\"showPhotographer\"],\"47\":[\"showSuburb\"],\"40\":[\"48\"],\"39\":\"\",\"43\":{\"29\":{\"type\":\"slide\",\"enabled\":\"1\",\"fields\":{\"image\":[\"36\"],\"altText\":\"Slide One\"}},\"30\":{\"type\":\"slide\",\"enabled\":\"\",\"fields\":{\"image\":[\"37\"],\"altText\":\"Slide Two\"}},\"31\":{\"type\":\"slide\",\"enabled\":\"1\",\"fields\":{\"image\":[\"38\"],\"altText\":\"\"}},\"43\":{\"type\":\"slide\",\"enabled\":\"1\",\"fields\":{\"image\":[\"39\"],\"altText\":\"\"}},\"44\":{\"type\":\"slide\",\"enabled\":\"1\",\"fields\":{\"image\":[\"40\"],\"altText\":\"\"}},\"45\":{\"type\":\"slide\",\"enabled\":\"1\",\"fields\":{\"image\":[\"41\"],\"altText\":\"\"}},\"46\":{\"type\":\"slide\",\"enabled\":\"1\",\"fields\":{\"image\":[\"42\"],\"altText\":\"\"}}},\"35\":\"N\\/A\",\"41\":[\"35\"],\"34\":\"Hopetoun Avenue House\"}}','2014-06-11 01:31:34','2014-06-11 01:31:34','aa283afb-3fb6-4f75-bb85-1c82042391f7'),
 ('82','26','6','1','en_us',null,'{\"authorId\":\"1\",\"title\":\"Hopetoun Avenue House\",\"slug\":\"hopetoun-avenue-house\",\"postDate\":1402184220,\"expiryDate\":null,\"enabled\":1,\"fields\":{\"38\":\"\",\"37\":\"SF Hough Pty Ltd\",\"42\":[\"24\"],\"36\":\"2006\",\"33\":\"<p>Located on a steep site, this modern 5 level home was designed to maximize the views and take advantage of its northern orientation.  The building\\u2019s form combines horizontal bands of rendered masonry which are complimented by a vertical double height glazed entry volume. The large skillion roof completes the building providing shade to the outdoor terraces.<\\/p>\",\"46\":[\"showSuburb\",\"showCompleted\",\"showBuilder\",\"showArea\",\"showPhotographer\"],\"47\":[\"showSuburb\"],\"40\":\"\",\"39\":\"\",\"43\":{\"29\":{\"type\":\"slide\",\"enabled\":\"1\",\"fields\":{\"image\":[\"36\"],\"altText\":\"Slide One\"}},\"30\":{\"type\":\"slide\",\"enabled\":\"1\",\"fields\":{\"image\":[\"37\"],\"altText\":\"Slide Two\"}},\"31\":{\"type\":\"slide\",\"enabled\":\"1\",\"fields\":{\"image\":[\"38\"],\"altText\":\"\"}},\"43\":{\"type\":\"slide\",\"enabled\":\"1\",\"fields\":{\"image\":[\"39\"],\"altText\":\"\"}},\"44\":{\"type\":\"slide\",\"enabled\":\"1\",\"fields\":{\"image\":[\"40\"],\"altText\":\"\"}},\"45\":{\"type\":\"slide\",\"enabled\":\"1\",\"fields\":{\"image\":[\"41\"],\"altText\":\"\"}},\"46\":{\"type\":\"slide\",\"enabled\":\"1\",\"fields\":{\"image\":[\"42\"],\"altText\":\"\"}}},\"35\":\"N\\/A\",\"41\":[\"35\"],\"34\":\"Hopetoun Avenue House\"}}','2014-06-11 01:32:38','2014-06-11 01:32:38','a3a24fdf-1576-4282-8cc9-3fef61d71d26'),
 ('83','26','6','1','en_us',null,'{\"authorId\":\"1\",\"title\":\"Hopetoun Avenue House\",\"slug\":\"hopetoun-avenue-house\",\"postDate\":1402184220,\"expiryDate\":null,\"enabled\":1,\"fields\":{\"38\":\"\",\"37\":\"SF Hough Pty Ltd\",\"42\":[\"24\"],\"36\":\"2006\",\"33\":\"<p>Located on a steep site, this modern 5 level home was designed to maximize the views and take advantage of its northern orientation.  The building\\u2019s form combines horizontal bands of rendered masonry which are complimented by a vertical double height glazed entry volume. The large skillion roof completes the building providing shade to the outdoor terraces.<\\/p>\",\"46\":[\"showSuburb\",\"showCompleted\",\"showBuilder\",\"showArea\",\"showPhotographer\"],\"47\":[\"showSuburb\"],\"40\":\"\",\"39\":\"\",\"43\":{\"29\":{\"type\":\"slide\",\"enabled\":\"1\",\"fields\":{\"image\":[\"36\"],\"altText\":\"Slide One\"}},\"30\":{\"type\":\"slide\",\"enabled\":\"1\",\"fields\":{\"image\":[\"37\"],\"altText\":\"Slide Two\"}},\"31\":{\"type\":\"slide\",\"enabled\":\"1\",\"fields\":{\"image\":[\"38\"],\"altText\":\"\"}},\"43\":{\"type\":\"slide\",\"enabled\":\"1\",\"fields\":{\"image\":[\"39\"],\"altText\":\"\"}},\"44\":{\"type\":\"slide\",\"enabled\":\"1\",\"fields\":{\"image\":[\"40\"],\"altText\":\"\"}},\"45\":{\"type\":\"slide\",\"enabled\":\"1\",\"fields\":{\"image\":[\"41\"],\"altText\":\"\"}},\"46\":{\"type\":\"slide\",\"enabled\":\"1\",\"fields\":{\"image\":[\"42\"],\"altText\":\"\"}}},\"35\":\"N\\/A\",\"41\":[\"35\"],\"34\":\"Hopetoun Avenue House\"}}','2014-06-11 01:37:46','2014-06-11 01:37:46','04273539-01fe-4190-9dcc-34037badd8a6'),
 ('84','2','1','1','en_us',null,'{\"authorId\":null,\"title\":\"Homepage\",\"slug\":\"homepage\",\"postDate\":1402450722,\"expiryDate\":null,\"enabled\":1,\"fields\":{\"43\":{\"new1\":{\"type\":\"slide\",\"enabled\":\"1\",\"fields\":{\"image\":[\"28\"],\"altText\":\"Template Photo\"}},\"new2\":{\"type\":\"slide\",\"enabled\":\"1\",\"fields\":{\"image\":[\"37\"],\"altText\":\"Hometoun Ave. Photo One\"}},\"new3\":{\"type\":\"slide\",\"enabled\":\"1\",\"fields\":{\"image\":[\"42\"],\"altText\":\"Hometoun Ave. Photo Two\"}}}}}','2014-06-11 01:41:08','2014-06-11 01:41:08','d7c7cd93-ca35-4f9a-bb4e-52feb64c874e'),
 ('85','2','1','1','en_us',null,'{\"authorId\":null,\"title\":\"Homepage\",\"slug\":\"homepage\",\"postDate\":1402450722,\"expiryDate\":null,\"enabled\":1,\"fields\":{\"43\":{\"50\":{\"type\":\"slide\",\"enabled\":\"1\",\"fields\":{\"image\":[\"37\"],\"altText\":\"Hometoun Ave. Photo One\"}},\"49\":{\"type\":\"slide\",\"enabled\":\"1\",\"fields\":{\"image\":[\"28\"],\"altText\":\"Template Photo\"}},\"51\":{\"type\":\"slide\",\"enabled\":\"1\",\"fields\":{\"image\":[\"42\"],\"altText\":\"Hometoun Ave. Photo Two\"}}}}}','2014-06-11 01:44:29','2014-06-11 01:44:29','958e3a42-c5fe-43a7-9942-e3c0178403b8'),
 ('86','2','1','1','en_us',null,'{\"authorId\":null,\"title\":\"Homepage\",\"slug\":\"homepage\",\"postDate\":1402450722,\"expiryDate\":null,\"enabled\":1,\"fields\":{\"43\":{\"50\":{\"type\":\"slide\",\"enabled\":\"1\",\"fields\":{\"image\":[\"37\"],\"altText\":\"Hometoun Ave. Photo One\"}},\"49\":{\"type\":\"slide\",\"enabled\":\"1\",\"fields\":{\"image\":[\"28\"],\"altText\":\"Template Photo\"}},\"51\":{\"type\":\"slide\",\"enabled\":\"1\",\"fields\":{\"image\":[\"42\"],\"altText\":\"Hometoun Ave. Photo Two\"}}}}}','2014-06-11 01:45:48','2014-06-11 01:45:48','bab986d0-c066-46ae-aadf-ed63b582665e'),
 ('87','19','5','1','en_us',null,'{\"authorId\":\"1\",\"title\":\"About\",\"slug\":\"practice-about\",\"postDate\":1402027560,\"expiryDate\":null,\"enabled\":1,\"fields\":{\"2\":\"<h4>About Header<\\/h4><p>\\r\\n\\tMaecenas faucibus mollis interdum. Nullam id dolor id nibh ultricies vehicula ut id elit. Vivamus sagittis lacus vel augue laoreet rutrum faucibus dolor auctor. Donec sed odio dui. Donec sed odio dui. Morbi leo risus, porta ac consectetur ac, vestibulum at eros. Curabitur blandit tempus porttitor.<\\/p><p>\\r\\n\\tSed posuere consectetur est at lobortis. Aenean lacinia bibendum nulla sed consectetur. Nullam quis risus eget urna mollis ornare vel eu leo. Nulla vitae elit libero, a pharetra augue. Etiam porta sem malesuada magna mollis euismod. Aenean eu leo quam. Pellentesque ornare sem lacinia quam venenatis vestibulum.<\\/p><p>\\r\\n\\tSed posuere consectetur est at lobortis. Curabitur blandit tempus porttitor. Nullam id dolor id nibh ultricies vehicula ut id elit. Vestibulum id ligula porta felis euismod semper. Nullam quis risus eget urna mollis ornare vel eu leo. Maecenas faucibus mollis interdum.<\\/p><p>\\r\\n\\tInteger posuere erat a ante venenatis dapibus posuere velit aliquet. Aenean eu leo quam. Pellentesque ornare sem lacinia quam venenatis vestibulum. Donec sed odio dui. Maecenas sed diam eget risus varius blandit sit amet non magna. Aenean eu leo quam. Pellentesque ornare sem lacinia quam venenatis vestibulum. Nulla vitae elit libero, a pharetra augue. Curabitur blandit tempus porttitor.<\\/p>\",\"32\":[\"16\"]}}','2014-06-14 18:35:16','2014-06-14 18:35:16','2a5eab89-33bd-41bd-9890-834776b8b778'),
 ('88','19','5','1','en_us',null,'{\"authorId\":\"1\",\"title\":\"About\",\"slug\":\"about\",\"postDate\":1402027560,\"expiryDate\":null,\"enabled\":1,\"fields\":{\"2\":\"<h4>About Header<\\/h4><p>\\r\\n\\tMaecenas faucibus mollis interdum. Nullam id dolor id nibh ultricies vehicula ut id elit. Vivamus sagittis lacus vel augue laoreet rutrum faucibus dolor auctor. Donec sed odio dui. Donec sed odio dui. Morbi leo risus, porta ac consectetur ac, vestibulum at eros. Curabitur blandit tempus porttitor.<\\/p><p>\\r\\n\\tSed posuere consectetur est at lobortis. Aenean lacinia bibendum nulla sed consectetur. Nullam quis risus eget urna mollis ornare vel eu leo. Nulla vitae elit libero, a pharetra augue. Etiam porta sem malesuada magna mollis euismod. Aenean eu leo quam. Pellentesque ornare sem lacinia quam venenatis vestibulum.<\\/p><p>\\r\\n\\tSed posuere consectetur est at lobortis. Curabitur blandit tempus porttitor. Nullam id dolor id nibh ultricies vehicula ut id elit. Vestibulum id ligula porta felis euismod semper. Nullam quis risus eget urna mollis ornare vel eu leo. Maecenas faucibus mollis interdum.<\\/p><p>\\r\\n\\tInteger posuere erat a ante venenatis dapibus posuere velit aliquet. Aenean eu leo quam. Pellentesque ornare sem lacinia quam venenatis vestibulum. Donec sed odio dui. Maecenas sed diam eget risus varius blandit sit amet non magna. Aenean eu leo quam. Pellentesque ornare sem lacinia quam venenatis vestibulum. Nulla vitae elit libero, a pharetra augue. Curabitur blandit tempus porttitor.<\\/p>\",\"32\":[\"16\"]}}','2014-06-14 18:35:33','2014-06-14 18:35:33','063835e8-0652-40c7-b0ec-5bd1d6dbc8a7'),
 ('91','19','5','1','en_us',null,'{\"authorId\":\"1\",\"title\":\"About\",\"slug\":\"practie-about\",\"postDate\":1402027560,\"expiryDate\":null,\"enabled\":1,\"fields\":{\"2\":\"<h4>About Header<\\/h4><p>\\r\\n\\tMaecenas faucibus mollis interdum. Nullam id dolor id nibh ultricies vehicula ut id elit. Vivamus sagittis lacus vel augue laoreet rutrum faucibus dolor auctor. Donec sed odio dui. Donec sed odio dui. Morbi leo risus, porta ac consectetur ac, vestibulum at eros. Curabitur blandit tempus porttitor.<\\/p><p>\\r\\n\\tSed posuere consectetur est at lobortis. Aenean lacinia bibendum nulla sed consectetur. Nullam quis risus eget urna mollis ornare vel eu leo. Nulla vitae elit libero, a pharetra augue. Etiam porta sem malesuada magna mollis euismod. Aenean eu leo quam. Pellentesque ornare sem lacinia quam venenatis vestibulum.<\\/p><p>\\r\\n\\tSed posuere consectetur est at lobortis. Curabitur blandit tempus porttitor. Nullam id dolor id nibh ultricies vehicula ut id elit. Vestibulum id ligula porta felis euismod semper. Nullam quis risus eget urna mollis ornare vel eu leo. Maecenas faucibus mollis interdum.<\\/p><p>\\r\\n\\tInteger posuere erat a ante venenatis dapibus posuere velit aliquet. Aenean eu leo quam. Pellentesque ornare sem lacinia quam venenatis vestibulum. Donec sed odio dui. Maecenas sed diam eget risus varius blandit sit amet non magna. Aenean eu leo quam. Pellentesque ornare sem lacinia quam venenatis vestibulum. Nulla vitae elit libero, a pharetra augue. Curabitur blandit tempus porttitor.<\\/p>\",\"32\":[\"16\"]}}','2014-06-14 19:15:28','2014-06-14 19:15:28','44f181c4-4bfa-429d-abb3-dd2e93239d49'),
 ('92','19','5','1','en_us',null,'{\"authorId\":\"1\",\"title\":\"About\",\"slug\":\"about\",\"postDate\":1402027560,\"expiryDate\":null,\"enabled\":1,\"fields\":{\"2\":\"<h4>About Header<\\/h4><p>\\r\\n\\tMaecenas faucibus mollis interdum. Nullam id dolor id nibh ultricies vehicula ut id elit. Vivamus sagittis lacus vel augue laoreet rutrum faucibus dolor auctor. Donec sed odio dui. Donec sed odio dui. Morbi leo risus, porta ac consectetur ac, vestibulum at eros. Curabitur blandit tempus porttitor.<\\/p><p>\\r\\n\\tSed posuere consectetur est at lobortis. Aenean lacinia bibendum nulla sed consectetur. Nullam quis risus eget urna mollis ornare vel eu leo. Nulla vitae elit libero, a pharetra augue. Etiam porta sem malesuada magna mollis euismod. Aenean eu leo quam. Pellentesque ornare sem lacinia quam venenatis vestibulum.<\\/p><p>\\r\\n\\tSed posuere consectetur est at lobortis. Curabitur blandit tempus porttitor. Nullam id dolor id nibh ultricies vehicula ut id elit. Vestibulum id ligula porta felis euismod semper. Nullam quis risus eget urna mollis ornare vel eu leo. Maecenas faucibus mollis interdum.<\\/p><p>\\r\\n\\tInteger posuere erat a ante venenatis dapibus posuere velit aliquet. Aenean eu leo quam. Pellentesque ornare sem lacinia quam venenatis vestibulum. Donec sed odio dui. Maecenas sed diam eget risus varius blandit sit amet non magna. Aenean eu leo quam. Pellentesque ornare sem lacinia quam venenatis vestibulum. Nulla vitae elit libero, a pharetra augue. Curabitur blandit tempus porttitor.<\\/p>\",\"32\":[\"16\"]}}','2014-06-14 19:15:34','2014-06-14 19:15:34','34e0ad4e-2434-4b31-88f5-1a9f41049811'),
 ('93','5','3','1','en_us',null,'{\"authorId\":null,\"title\":\"Place\",\"slug\":\"place\",\"postDate\":1401937290,\"expiryDate\":null,\"enabled\":1,\"fields\":{\"4\":\"<p>\\r\\n\\tsuite 14, 40 Yeo St<\\/p><p>\\r\\n\\tNeutral Bay, NSW 2089<\\/p>\",\"11\":\"Contact Details\",\"12\":\"How to Find Us\",\"13\":\"Email Us\",\"9\":\"<p>\\r\\n\\tLorem ipsum dolor sit amet, consectetur adipisicing elit. Minus sequi voluptatem voluptatum perspiciatis sed consequatur assumenda ratione id dolor alias provident rem modi deserunt odit laboriosam pariatur exercitationem atque quo?<\\/p>\",\"7\":\"mailxa@corben.com.au\",\"6\":\"+61 (02) 9904 1855\",\"8\":\"<iframe width=\\\"1470\\\" height=\\\"480\\\" frameborder=\\\"0\\\" style=\\\"border:0\\\" src=\\\"https:\\/\\/www.google.com\\/maps\\/embed\\/v1\\/place?q=Suite%2014%2C%2040%20Yeo%20St%20Neutral%20Bay%2C%20NSW%202089&key=AIzaSyBiAD2tlzv1CXVhOPFqf-bLDk_nM4k1EC8&maptype=satellite\\\"><\\/iframe>\",\"10\":\"Place\",\"5\":\"+61 (02) 9904 1844\",\"54\":\"Thank you for contacting us, we will be in touch shortly.\"}}','2014-06-14 23:41:01','2014-06-14 23:41:01','0e7f5582-8b3f-4b6f-9045-6c823588b646'),
 ('94','26','6','1','en_us',null,'{\"authorId\":\"1\",\"title\":\"Hopetoun Avenue House\",\"slug\":\"hopetoun-avenue-house\",\"postDate\":1402184220,\"expiryDate\":null,\"enabled\":1,\"fields\":{\"38\":\"\",\"37\":\"SF Hough Pty Ltd\",\"42\":[\"24\"],\"36\":\"2006\",\"33\":\"<p>Located on a steep site, this modern 5 level home was designed to maximize the views and take advantage of its northern orientation.  The building\\u2019s form combines horizontal bands of rendered masonry which are complimented by a vertical double height glazed entry volume. The large skillion roof completes the building providing shade to the outdoor terraces.<\\/p>\",\"46\":[\"showSuburb\",\"showCompleted\",\"showBuilder\",\"showArea\",\"showPhotographer\"],\"47\":[\"showSuburb\"],\"40\":\"\",\"39\":\"\",\"43\":{\"29\":{\"type\":\"slide\",\"enabled\":\"1\",\"fields\":{\"image\":[\"36\"],\"altText\":\"Slide One\"}},\"30\":{\"type\":\"slide\",\"enabled\":\"1\",\"fields\":{\"image\":[\"37\"],\"altText\":\"Slide Two\"}},\"31\":{\"type\":\"slide\",\"enabled\":\"1\",\"fields\":{\"image\":[\"38\"],\"altText\":\"\"}},\"43\":{\"type\":\"slide\",\"enabled\":\"1\",\"fields\":{\"image\":[\"39\"],\"altText\":\"\"}},\"44\":{\"type\":\"slide\",\"enabled\":\"1\",\"fields\":{\"image\":[\"40\"],\"altText\":\"\"}},\"45\":{\"type\":\"slide\",\"enabled\":\"1\",\"fields\":{\"image\":[\"41\"],\"altText\":\"\"}},\"46\":{\"type\":\"slide\",\"enabled\":\"1\",\"fields\":{\"image\":[\"42\"],\"altText\":\"\"}}},\"35\":\"N\\/A\",\"41\":[\"36\"],\"34\":\"Hopetoun Avenue House\"}}','2014-06-17 21:39:12','2014-06-17 21:39:12','b63d19d0-c04c-4bb5-9298-b2ccb21521a1'),
 ('95','26','6','1','en_us',null,'{\"authorId\":\"1\",\"title\":\"Hopetoun Avenue House\",\"slug\":\"hopetoun-avenue-house\",\"postDate\":1402184220,\"expiryDate\":null,\"enabled\":1,\"fields\":{\"38\":\"\",\"37\":\"SF Hough Pty Ltd\",\"42\":[\"24\"],\"36\":\"2006\",\"33\":\"<p>Located on a steep site, this modern 5 level home was designed to maximize the views and take advantage of its northern orientation.  The building\\u2019s form combines horizontal bands of rendered masonry which are complimented by a vertical double height glazed entry volume. The large skillion roof completes the building providing shade to the outdoor terraces.<\\/p>\",\"46\":[\"showSuburb\",\"showCompleted\",\"showBuilder\",\"showArea\",\"showPhotographer\"],\"47\":[\"showSuburb\"],\"40\":\"\",\"39\":\"\",\"43\":{\"29\":{\"type\":\"slide\",\"enabled\":\"1\",\"fields\":{\"image\":[\"36\"],\"altText\":\"Slide One\"}},\"30\":{\"type\":\"slide\",\"enabled\":\"1\",\"fields\":{\"image\":[\"37\"],\"altText\":\"Slide Two\"}},\"31\":{\"type\":\"slide\",\"enabled\":\"1\",\"fields\":{\"image\":[\"38\"],\"altText\":\"\"}},\"43\":{\"type\":\"slide\",\"enabled\":\"1\",\"fields\":{\"image\":[\"39\"],\"altText\":\"\"}},\"44\":{\"type\":\"slide\",\"enabled\":\"1\",\"fields\":{\"image\":[\"40\"],\"altText\":\"\"}},\"45\":{\"type\":\"slide\",\"enabled\":\"1\",\"fields\":{\"image\":[\"41\"],\"altText\":\"\"}},\"46\":{\"type\":\"slide\",\"enabled\":\"1\",\"fields\":{\"image\":[\"42\"],\"altText\":\"\"}}},\"35\":\"N\\/A\",\"41\":[\"36\"],\"34\":\"Hopetoun Avenue House\"}}','2014-06-17 21:47:14','2014-06-17 21:47:14','2ccb08d8-fdee-4a2b-b9fb-eed557f616e9'),
 ('96','26','6','1','en_us',null,'{\"authorId\":\"1\",\"title\":\"Hopetoun Avenue House\",\"slug\":\"hopetoun-avenue-house\",\"postDate\":1402184220,\"expiryDate\":null,\"enabled\":1,\"fields\":{\"38\":\"\",\"37\":\"SF Hough Pty Ltd\",\"42\":[\"24\"],\"36\":\"2006\",\"33\":\"<p>Located on a steep site, this modern 5 level home was designed to maximize the views and take advantage of its northern orientation.  The building\\u2019s form combines horizontal bands of rendered masonry which are complimented by a vertical double height glazed entry volume. The large skillion roof completes the building providing shade to the outdoor terraces.<\\/p>\",\"46\":[\"showSuburb\",\"showCompleted\",\"showBuilder\",\"showArea\",\"showPhotographer\"],\"47\":[\"showSuburb\"],\"40\":\"\",\"39\":\"\",\"43\":{\"29\":{\"type\":\"slide\",\"enabled\":\"1\",\"fields\":{\"image\":[\"36\"],\"altText\":\"Slide One\"}},\"30\":{\"type\":\"slide\",\"enabled\":\"1\",\"fields\":{\"image\":[\"37\"],\"altText\":\"Slide Two\"}},\"31\":{\"type\":\"slide\",\"enabled\":\"1\",\"fields\":{\"image\":[\"38\"],\"altText\":\"\"}},\"43\":{\"type\":\"slide\",\"enabled\":\"1\",\"fields\":{\"image\":[\"39\"],\"altText\":\"\"}},\"44\":{\"type\":\"slide\",\"enabled\":\"1\",\"fields\":{\"image\":[\"40\"],\"altText\":\"\"}},\"45\":{\"type\":\"slide\",\"enabled\":\"1\",\"fields\":{\"image\":[\"41\"],\"altText\":\"\"}},\"46\":{\"type\":\"slide\",\"enabled\":\"1\",\"fields\":{\"image\":[\"42\"],\"altText\":\"\"}}},\"35\":\"N\\/A\",\"41\":[\"35\"],\"34\":\"Hopetoun Avenue House\"}}','2014-06-17 22:02:02','2014-06-17 22:02:02','7133d156-0106-4f5f-9282-189f02fc35f0'),
 ('97','26','6','1','en_us',null,'{\"authorId\":\"1\",\"title\":\"Hopetoun Avenue House\",\"slug\":\"hopetoun-avenue-house\",\"postDate\":1402184220,\"expiryDate\":null,\"enabled\":1,\"fields\":{\"38\":\"\",\"37\":\"SF Hough Pty Ltd\",\"42\":[\"24\"],\"36\":\"2006\",\"33\":\"<p>Located on a steep site, this modern 5 level home was designed to maximize the views and take advantage of its northern orientation.  The building\\u2019s form combines horizontal bands of rendered masonry which are complimented by a vertical double height glazed entry volume. The large skillion roof completes the building providing shade to the outdoor terraces.<\\/p>\",\"46\":[\"showSuburb\",\"showCompleted\",\"showBuilder\",\"showArea\",\"showPhotographer\"],\"47\":[\"showSuburb\"],\"40\":\"\",\"39\":\"\",\"43\":{\"29\":{\"type\":\"slide\",\"enabled\":\"1\",\"fields\":{\"image\":[\"36\"],\"altText\":\"Slide One\"}},\"30\":{\"type\":\"slide\",\"enabled\":\"1\",\"fields\":{\"image\":[\"37\"],\"altText\":\"Slide Two\"}},\"31\":{\"type\":\"slide\",\"enabled\":\"1\",\"fields\":{\"image\":[\"38\"],\"altText\":\"\"}},\"43\":{\"type\":\"slide\",\"enabled\":\"1\",\"fields\":{\"image\":[\"39\"],\"altText\":\"\"}},\"44\":{\"type\":\"slide\",\"enabled\":\"1\",\"fields\":{\"image\":[\"40\"],\"altText\":\"\"}},\"45\":{\"type\":\"slide\",\"enabled\":\"1\",\"fields\":{\"image\":[\"41\"],\"altText\":\"\"}},\"46\":{\"type\":\"slide\",\"enabled\":\"1\",\"fields\":{\"image\":[\"42\"],\"altText\":\"\"}}},\"35\":\"N\\/A\",\"41\":[\"36\"],\"34\":\"Hopetoun Avenue House\"}}','2014-06-17 22:02:18','2014-06-17 22:02:18','d8549404-f10f-4b4a-9307-5a66f6fe2f8f'),
 ('98','55','7','1','en_us',null,'{\"authorId\":\"1\",\"title\":\"Award Title One\",\"slug\":\"award-title-one\",\"postDate\":1403130275,\"expiryDate\":null,\"enabled\":1,\"fields\":{\"58\":[\"16\"],\"56\":{\"new1\":{\"type\":\"notion\",\"enabled\":\"1\",\"fields\":{\"notion\":\"Award One - Notion One\"}},\"new2\":{\"type\":\"notion\",\"enabled\":\"1\",\"fields\":{\"notion\":\"Award One - Notion Two\"}}},\"59\":[\"26\"],\"55\":\"Award Subtitle One\"}}','2014-06-18 22:24:35','2014-06-18 22:24:35','ab5e3b35-8d46-42a7-be67-9675cb9a2ac7'),
 ('99','55','7','1','en_us',null,'{\"authorId\":\"1\",\"title\":\"Award Title One\",\"slug\":\"award-title-one\",\"postDate\":1403130240,\"expiryDate\":null,\"enabled\":1,\"fields\":{\"60\":{\"date\":\"6\\/1\\/2014\"},\"58\":[\"16\"],\"56\":{\"56\":{\"type\":\"notion\",\"enabled\":\"1\",\"fields\":{\"notion\":\"Award One - Notion One\"}},\"57\":{\"type\":\"notion\",\"enabled\":\"1\",\"fields\":{\"notion\":\"Award One - Notion Two\"}}},\"59\":[\"26\"],\"55\":\"Award Subtitle One\"}}','2014-06-18 22:26:36','2014-06-18 22:26:36','34af31ed-3f5e-4e2c-8647-186db18e89d9'),
 ('100','58','7','1','en_us',null,'{\"authorId\":\"1\",\"title\":\"Award Title Two\",\"slug\":\"award-title-two\",\"postDate\":1403130448,\"expiryDate\":null,\"enabled\":1,\"fields\":{\"60\":{\"date\":\"5\\/1\\/2014\"},\"58\":[\"16\"],\"56\":{\"new1\":{\"type\":\"notion\",\"enabled\":\"1\",\"fields\":{\"notion\":\"Award Two - Notion One\"}}},\"59\":[\"26\"],\"55\":\"Award Subtitle Two\"}}','2014-06-18 22:27:28','2014-06-18 22:27:28','6b4cd4e2-aea5-4a8e-88b1-e9c9976ffeb7'),
 ('102','58','7','1','en_us',null,'{\"authorId\":\"1\",\"title\":\"Award Title Two\",\"slug\":\"award-title-two\",\"postDate\":1403130420,\"expiryDate\":null,\"enabled\":1,\"fields\":{\"60\":{\"date\":\"5\\/1\\/2014\"},\"58\":[\"16\"],\"56\":\"\",\"59\":[\"26\"],\"55\":\"Award Subtitle Two\"}}','2014-06-18 23:00:31','2014-06-18 23:00:31','b669a46c-7498-4cb9-bcfc-69ec2c59aee3'),
 ('103','58','7','1','en_us',null,'{\"authorId\":\"1\",\"title\":\"Award Title Two\",\"slug\":\"award-title-two\",\"postDate\":1403130420,\"expiryDate\":null,\"enabled\":1,\"fields\":{\"60\":{\"date\":\"5\\/1\\/2014\"},\"58\":[\"16\"],\"56\":\"\",\"59\":[\"26\"],\"55\":\"\"}}','2014-06-18 23:02:36','2014-06-18 23:02:36','5b1f2ef5-4a36-427e-935a-2b6b0e98a8c3');
insert into `craft_entryversions` values('104','58','7','1','en_us',null,'{\"authorId\":\"1\",\"title\":\"Award Title Two\",\"slug\":\"award-title-two\",\"postDate\":1403130420,\"expiryDate\":null,\"enabled\":1,\"fields\":{\"60\":{\"date\":\"5\\/1\\/2014\"},\"58\":[\"16\"],\"56\":\"\",\"59\":[\"26\"],\"55\":\"Award Two Subtitle\"}}','2014-06-18 23:02:48','2014-06-18 23:02:48','6fd9327d-f10e-4607-8db7-1c02761b7995'),
 ('105','58','7','1','en_us',null,'{\"authorId\":\"1\",\"title\":\"Award Title Two\",\"slug\":\"award-title-two\",\"postDate\":1403130420,\"expiryDate\":null,\"enabled\":1,\"fields\":{\"60\":{\"date\":\"5\\/1\\/2014\"},\"58\":[\"16\"],\"56\":\"\",\"59\":[\"26\"],\"55\":\"Award Two Subtitle\"}}','2014-06-18 23:03:15','2014-06-18 23:03:15','3819ef45-b1f4-4271-9e1a-cf2a4dcd305e'),
 ('106','60','7','1','en_us',null,'{\"authorId\":\"1\",\"title\":\"Hopetoun Ave House\",\"slug\":\"hopetoun-ave-house\",\"postDate\":1403132717,\"expiryDate\":null,\"enabled\":1,\"fields\":{\"60\":{\"date\":\"5\\/20\\/2014\"},\"58\":[\"16\"],\"56\":{\"new1\":{\"type\":\"notion\",\"enabled\":\"1\",\"fields\":{\"notion\":\"Awesome Design Award 2014\"}},\"new2\":{\"type\":\"notion\",\"enabled\":\"1\",\"fields\":{\"notion\":\"LEED Certification Gold Winner 2014\"}},\"new3\":{\"type\":\"notion\",\"enabled\":\"1\",\"fields\":{\"notion\":\"Excellence in HVAC 2014\"}}},\"59\":[\"26\"],\"55\":\"Hopetoun Ave Subtitle\"}}','2014-06-18 23:05:17','2014-06-18 23:05:17','1c007d1a-2f8a-451c-a416-b533d230144c'),
 ('107','55','7','1','en_us',null,'{\"authorId\":\"1\",\"title\":\"Award Title One\",\"slug\":\"award-title-one\",\"postDate\":1403130240,\"expiryDate\":null,\"enabled\":1,\"fields\":{\"60\":{\"date\":\"6\\/1\\/2014\"},\"58\":[\"16\"],\"56\":{\"56\":{\"type\":\"notion\",\"enabled\":\"1\",\"fields\":{\"notion\":\"Award One - Notion One\"}},\"57\":{\"type\":\"notion\",\"enabled\":\"1\",\"fields\":{\"notion\":\"Award One - Notion Two\"}}},\"59\":\"\",\"55\":\"Award Subtitle One\"}}','2014-06-19 00:29:51','2014-06-19 00:29:51','1bf88478-7a1e-405b-bc99-46e04a7076ce'),
 ('108','55','7','1','en_us',null,'{\"authorId\":\"1\",\"title\":\"Award Title One\",\"slug\":\"award-title-one\",\"postDate\":1403130240,\"expiryDate\":null,\"enabled\":1,\"fields\":{\"60\":{\"date\":\"6\\/1\\/2014\"},\"58\":[\"16\"],\"56\":{\"56\":{\"type\":\"notion\",\"enabled\":\"1\",\"fields\":{\"notion\":\"Award One - Notion One\"}},\"57\":{\"type\":\"notion\",\"enabled\":\"1\",\"fields\":{\"notion\":\"Award One - Notion Two\"}}},\"59\":\"\",\"55\":\"Award Subtitle One\"}}','2014-06-19 00:56:19','2014-06-19 00:56:19','9c93e4a2-d30f-405a-be15-9cf05ba76fac'),
 ('109','58','7','1','en_us',null,'{\"authorId\":\"1\",\"title\":\"Award Title Two\",\"slug\":\"award-title-two\",\"postDate\":1403130420,\"expiryDate\":null,\"enabled\":1,\"fields\":{\"60\":{\"date\":\"5\\/1\\/2014\"},\"58\":\"\",\"56\":\"\",\"59\":\"\",\"55\":\"Award Two Subtitle\"}}','2014-06-19 00:59:40','2014-06-19 00:59:40','39d88496-dc96-43c8-bcd2-313007838048'),
 ('110','55','7','1','en_us',null,'{\"authorId\":\"1\",\"title\":\"Award Title One\",\"slug\":\"award-title-one\",\"postDate\":1403130240,\"expiryDate\":null,\"enabled\":1,\"fields\":{\"60\":{\"date\":\"6\\/1\\/2014\"},\"58\":[\"16\"],\"56\":{\"56\":{\"type\":\"notion\",\"enabled\":\"1\",\"fields\":{\"notion\":\"Award One - Notion One\"}},\"57\":{\"type\":\"notion\",\"enabled\":\"1\",\"fields\":{\"notion\":\"Award One - Notion Two\"}}},\"59\":\"\",\"55\":\"Award Subtitle One\"}}','2014-06-19 00:59:46','2014-06-19 00:59:46','6b3eaa20-df3e-4574-9a46-899c566713be');

CREATE TABLE `craft_fieldgroups` (
  `id` int(11) NOT NULL AUTO_INCREMENT,
  `name` varchar(255) COLLATE utf8_unicode_ci NOT NULL,
  `dateCreated` datetime NOT NULL,
  `dateUpdated` datetime NOT NULL,
  `uid` char(36) COLLATE utf8_unicode_ci NOT NULL DEFAULT '0',
  PRIMARY KEY (`id`),
  UNIQUE KEY `craft_fieldgroups_name_unq_idx` (`name`)
) ENGINE=InnoDB AUTO_INCREMENT=8 DEFAULT CHARSET=utf8 COLLATE=utf8_unicode_ci;

insert into `craft_fieldgroups` values('1','Default','2014-05-10 01:07:38','2014-05-10 01:07:38','0c613451-f3b1-4725-b8a3-db1ca6202a3f'),
 ('2','Contact','2014-06-05 03:07:17','2014-06-05 19:12:28','007ff03d-b633-4b81-9e01-f3b5fa194c39'),
 ('3','Employees','2014-06-05 21:02:14','2014-06-05 21:02:14','577a63ac-a03a-42f9-a9f5-af7f62ebfee2'),
 ('4','News','2014-06-06 00:23:39','2014-06-06 00:35:44','e5426ea3-5c1e-437f-96e2-e3e12213b17f'),
 ('5','General','2014-06-06 01:22:57','2014-06-06 01:22:57','474450cd-9b15-4fe3-8b75-1f6e6e9a14e2'),
 ('6','Projects','2014-06-07 21:52:06','2014-06-07 21:52:06','f564ea19-81e9-475c-9104-aaa7290de006'),
 ('7','Awards','2014-06-18 22:15:19','2014-06-18 22:15:19','6713d081-42f2-44f0-9725-14e23c8b6dc3');

CREATE TABLE `craft_fieldlayoutfields` (
  `id` int(11) NOT NULL AUTO_INCREMENT,
  `layoutId` int(11) NOT NULL,
  `tabId` int(11) DEFAULT NULL,
  `fieldId` int(11) NOT NULL,
  `required` tinyint(1) unsigned NOT NULL DEFAULT '0',
  `sortOrder` tinyint(4) DEFAULT NULL,
  `dateCreated` datetime NOT NULL,
  `dateUpdated` datetime NOT NULL,
  `uid` char(36) COLLATE utf8_unicode_ci NOT NULL DEFAULT '0',
  PRIMARY KEY (`id`),
  UNIQUE KEY `craft_fieldlayoutfields_layoutId_fieldId_unq_idx` (`layoutId`,`fieldId`),
  KEY `craft_fieldlayoutfields_sortOrder_idx` (`sortOrder`),
  KEY `craft_fieldlayoutfields_tabId_fk` (`tabId`),
  KEY `craft_fieldlayoutfields_fieldId_fk` (`fieldId`),
  CONSTRAINT `craft_fieldlayoutfields_fieldId_fk` FOREIGN KEY (`fieldId`) REFERENCES `craft_fields` (`id`) ON DELETE CASCADE,
  CONSTRAINT `craft_fieldlayoutfields_layoutId_fk` FOREIGN KEY (`layoutId`) REFERENCES `craft_fieldlayouts` (`id`) ON DELETE CASCADE,
  CONSTRAINT `craft_fieldlayoutfields_tabId_fk` FOREIGN KEY (`tabId`) REFERENCES `craft_fieldlayouttabs` (`id`) ON DELETE CASCADE
) ENGINE=InnoDB AUTO_INCREMENT=171 DEFAULT CHARSET=utf8 COLLATE=utf8_unicode_ci;

insert into `craft_fieldlayoutfields` values('55','17','14','19','0','1','2014-06-05 23:43:27','2014-06-05 23:43:27','f6b11afa-4a3c-4368-ad01-2adcc260befa'),
 ('56','17','14','14','0','2','2014-06-05 23:43:27','2014-06-05 23:43:27','68dd158f-e596-4fba-8f93-27d74cfcc67a'),
 ('57','17','14','15','0','3','2014-06-05 23:43:27','2014-06-05 23:43:27','ad69f60e-f385-4e50-9d18-e05dd319c7c9'),
 ('58','17','14','16','0','4','2014-06-05 23:43:27','2014-06-05 23:43:27','39cf500f-db36-4774-a55e-1749d9dcc304'),
 ('59','17','14','17','0','5','2014-06-05 23:43:27','2014-06-05 23:43:27','4b522409-874f-49cf-b7f7-3469b1859ebe'),
 ('60','17','14','18','0','6','2014-06-05 23:43:27','2014-06-05 23:43:27','4a832350-f6c1-491c-9c0d-77fed780fb7b'),
 ('61','17','14','20','0','7','2014-06-05 23:43:27','2014-06-05 23:43:27','3c8a979f-cd61-4ed3-b98e-ed884406cec3'),
 ('62','17','14','21','0','8','2014-06-05 23:43:27','2014-06-05 23:43:27','d402548b-6dab-4217-add4-61a2257bb63a'),
 ('68','25','16','26','0','1','2014-06-06 00:37:14','2014-06-06 00:37:14','1bcb8bb0-34cd-4946-9156-c80affe67f01'),
 ('69','25','16','23','1','2','2014-06-06 00:37:14','2014-06-06 00:37:14','b8d6dffc-bdf7-4b34-b9c2-8b5e15f184b0'),
 ('70','25','16','22','0','3','2014-06-06 00:37:14','2014-06-06 00:37:14','ba8a8a47-b796-4d6e-aa51-5a88d552462c'),
 ('71','25','16','24','0','4','2014-06-06 00:37:14','2014-06-06 00:37:14','eece09e3-dfb5-412d-98ee-973f170e4384'),
 ('72','26',null,'25','0','1','2014-06-06 00:37:27','2014-06-06 00:37:27','9370b13e-2890-4057-b63c-3130dc5c37c5'),
 ('73','28',null,'29','1','1','2014-06-06 01:30:20','2014-06-06 01:30:20','1da79f23-5525-4b49-bc31-ba4168d38a29'),
 ('74','28',null,'30','1','2','2014-06-06 01:30:20','2014-06-06 01:30:20','41562ecb-5170-4f63-acd7-b3f6e38aebf4'),
 ('75','28',null,'31','1','3','2014-06-06 01:30:20','2014-06-06 01:30:20','0824b690-55ee-4263-ba5d-38b4dd5fc2f1'),
 ('76','29',null,'28','0','1','2014-06-06 01:30:50','2014-06-06 01:30:50','a5228c7d-db93-4668-b5ae-5073aa2311bf'),
 ('79','33',null,'25','0','1','2014-06-06 03:55:41','2014-06-06 03:55:41','1202daac-420e-4530-8251-8b44addaf057'),
 ('80','34','18','32','0','1','2014-06-06 03:59:17','2014-06-06 03:59:17','bb989520-1ba2-421c-bdd0-e90912c36716'),
 ('81','34','18','2','0','2','2014-06-06 03:59:17','2014-06-06 03:59:17','da71e021-79d5-497d-8256-106ae0775938'),
 ('121','43',null,'44','1','1','2014-06-07 23:56:58','2014-06-07 23:56:58','9049845d-323f-4bd0-89af-82d96e8a613f'),
 ('122','43',null,'45','0','2','2014-06-07 23:56:58','2014-06-07 23:56:58','c2e5abaf-4dd9-4ff4-908a-4dc4e061c89c'),
 ('123','44','25','41','0','1','2014-06-11 01:07:15','2014-06-11 01:07:15','b2f533de-92eb-4e42-b2b0-454ead048c62'),
 ('124','44','25','34','0','2','2014-06-11 01:07:15','2014-06-11 01:07:15','3ee07a1b-cebd-4cb2-b707-c5593b3ca13f'),
 ('125','44','25','42','0','3','2014-06-11 01:07:15','2014-06-11 01:07:15','d1eefc3b-1a46-4eba-be89-916436d509c8'),
 ('126','44','25','35','0','4','2014-06-11 01:07:15','2014-06-11 01:07:15','6e2d5bf8-e878-4246-ab8f-1e21acab776a'),
 ('127','44','25','33','0','5','2014-06-11 01:07:15','2014-06-11 01:07:15','f52150de-ac3f-46db-86f8-73ca7dba7c1e'),
 ('128','44','25','36','0','6','2014-06-11 01:07:15','2014-06-11 01:07:15','481af3d5-0156-483f-a0d8-8728478b0b11'),
 ('129','44','25','37','0','7','2014-06-11 01:07:15','2014-06-11 01:07:15','cd757735-8599-4e00-a4fd-2a76758d60eb'),
 ('130','44','25','38','0','8','2014-06-11 01:07:15','2014-06-11 01:07:15','6d5d7ea1-8702-4cfe-8515-af953ec55079'),
 ('131','44','25','39','0','9','2014-06-11 01:07:15','2014-06-11 01:07:15','fe1a7ab5-e345-495e-a363-3eebfbed2a88'),
 ('132','44','25','40','0','10','2014-06-11 01:07:15','2014-06-11 01:07:15','43991eb8-d557-4bfd-a842-d844db566aba'),
 ('133','44','25','46','0','11','2014-06-11 01:07:15','2014-06-11 01:07:15','c7964ddc-8dbe-488f-b7cc-bbea6d9cc0f1'),
 ('134','44','25','47','0','12','2014-06-11 01:07:15','2014-06-11 01:07:15','fc2464cf-94be-4f3c-8433-5e7c323a527c'),
 ('135','44','26','43','0','1','2014-06-11 01:07:15','2014-06-11 01:07:15','6482325a-7264-4869-a00b-38b0613e91d2'),
 ('136','45','27','43','0','1','2014-06-11 01:39:21','2014-06-11 01:39:21','8e74f9bf-7474-4aaa-8178-b6fe9ceebd06'),
 ('137','47','28','49','0','1','2014-06-14 18:48:30','2014-06-14 18:48:30','9e3070bd-b51e-4498-b6e9-8f4d45bf0d2d'),
 ('138','47','28','48','0','2','2014-06-14 18:48:30','2014-06-14 18:48:30','723f3a49-fa77-43a0-bbeb-c0c667c7fde4'),
 ('139','48',null,'52','0','1','2014-06-14 20:10:45','2014-06-14 20:10:45','ffa1f92d-4a40-42f4-a330-987be03df4f1'),
 ('140','48',null,'51','0','2','2014-06-14 20:10:45','2014-06-14 20:10:45','5ea44008-4713-4d8c-b588-6dcaaa960023'),
 ('141','48',null,'50','0','3','2014-06-14 20:10:45','2014-06-14 20:10:45','31dc099b-48ce-4c2f-8481-8aabc1fe00bb'),
 ('142','48',null,'53','0','4','2014-06-14 20:10:45','2014-06-14 20:10:45','b8253816-10fd-4a30-8681-0c74bd8c2d1d'),
 ('143','49','29','10','1','1','2014-06-14 23:40:32','2014-06-14 23:40:32','4ab831d5-bdc4-4759-82a3-04131df594c7'),
 ('144','49','29','4','0','2','2014-06-14 23:40:32','2014-06-14 23:40:32','385a1f2f-4d4a-43a6-8d3f-542ad4e0f45a'),
 ('145','49','29','7','0','3','2014-06-14 23:40:32','2014-06-14 23:40:32','376306e9-23ff-4552-a68f-fa8ef0003b70'),
 ('146','49','29','6','0','4','2014-06-14 23:40:32','2014-06-14 23:40:32','5307ffde-01af-4c73-b21b-31a1818f5f1c'),
 ('147','49','29','5','0','5','2014-06-14 23:40:32','2014-06-14 23:40:32','fa7b60d2-10ae-4aa4-b75d-a265677f5c4e'),
 ('148','49','29','9','0','6','2014-06-14 23:40:32','2014-06-14 23:40:32','8c051565-431f-485a-9111-df294e722ede'),
 ('149','49','29','8','0','7','2014-06-14 23:40:32','2014-06-14 23:40:32','7b996cf1-4bef-4aab-8f68-1f78e13a295a'),
 ('150','49','30','11','0','1','2014-06-14 23:40:32','2014-06-14 23:40:32','ca80e290-5b1d-4ed5-ac5a-66d77358d5e7'),
 ('151','49','30','12','0','2','2014-06-14 23:40:32','2014-06-14 23:40:32','e0d00c34-d587-4602-bc1d-7c81db21ee31'),
 ('152','49','30','13','0','3','2014-06-14 23:40:32','2014-06-14 23:40:32','afff40f2-b4cf-49eb-a8e4-024dd85fd5b0'),
 ('153','49','30','54','0','4','2014-06-14 23:40:32','2014-06-14 23:40:32','c27910ae-475a-49d5-8910-d8be99c5fbb0'),
 ('155','52',null,'57','0','1','2014-06-18 22:15:44','2014-06-18 22:15:44','e3f84294-f662-4911-8950-cbb3aeeefd2a'),
 ('157','55',null,'25','0','1','2014-06-18 22:19:35','2014-06-18 22:19:35','e94f38cb-a64e-4c2f-9889-d577577c97e2'),
 ('166','59','33','58','0','1','2014-06-18 22:26:19','2014-06-18 22:26:19','48024271-550f-48fc-9eda-5683deb3e6f5'),
 ('167','59','33','60','1','2','2014-06-18 22:26:19','2014-06-18 22:26:19','8271ce3c-7da6-4556-9ebb-c194bb5cb878'),
 ('168','59','33','55','0','3','2014-06-18 22:26:19','2014-06-18 22:26:19','ed8ce893-7d0f-447b-8483-db1f0b54023d'),
 ('169','59','33','59','0','4','2014-06-18 22:26:19','2014-06-18 22:26:19','001149f0-4df2-4ee7-bf46-f96bf28ba63f'),
 ('170','59','33','56','0','5','2014-06-18 22:26:19','2014-06-18 22:26:19','b9ede924-0451-40a4-8e9f-5435c5eb8185');

CREATE TABLE `craft_fieldlayouts` (
  `id` int(11) NOT NULL AUTO_INCREMENT,
  `type` varchar(150) COLLATE utf8_unicode_ci NOT NULL,
  `dateCreated` datetime NOT NULL,
  `dateUpdated` datetime NOT NULL,
  `uid` char(36) COLLATE utf8_unicode_ci NOT NULL DEFAULT '0',
  PRIMARY KEY (`id`),
  KEY `craft_fieldlayouts_type_idx` (`type`)
) ENGINE=InnoDB AUTO_INCREMENT=60 DEFAULT CHARSET=utf8 COLLATE=utf8_unicode_ci;

insert into `craft_fieldlayouts` values('1','Tag','2014-05-10 01:07:38','2014-05-10 01:07:38','88fd9501-6978-4e17-8e66-9c5876b1bb75'),
 ('17','Entry','2014-06-05 23:43:27','2014-06-05 23:43:27','bc5c8a11-c74b-40d1-9c3c-66413163f8b2'),
 ('25','Entry','2014-06-06 00:37:14','2014-06-06 00:37:14','6d4d3020-995d-40b0-9e68-f52be5b7a93d'),
 ('26','Asset','2014-06-06 00:37:27','2014-06-06 00:37:27','bdeb7ee0-9d51-4159-92e3-5ec253980b82'),
 ('28','MatrixBlock','2014-06-06 01:30:20','2014-06-06 01:30:20','93e54d43-6f23-4bb7-bc9d-47a3766b005d'),
 ('29','GlobalSet','2014-06-06 01:30:50','2014-06-06 01:30:50','7009a807-1752-462b-ab2b-d0f7ce1515ea'),
 ('33','Asset','2014-06-06 03:55:41','2014-06-06 03:55:41','4963e899-7450-4729-b92d-8144e621e726'),
 ('34','Entry','2014-06-06 03:59:17','2014-06-06 03:59:17','06b5ba76-c2b1-47ae-8313-1aa3cf8c4166'),
 ('35','Asset','2014-06-07 23:03:08','2014-06-07 23:03:08','cae5b543-1acd-4490-af6a-d7c2315b7f2c'),
 ('36','Category','2014-06-07 23:09:03','2014-06-07 23:09:03','b459b10c-7ad9-4978-a465-d2e889af819f'),
 ('43','MatrixBlock','2014-06-07 23:56:58','2014-06-07 23:56:58','0531a500-5ea4-4961-86b0-e12b501781b5'),
 ('44','Entry','2014-06-11 01:07:15','2014-06-11 01:07:15','713cad74-75a2-4cdf-95b4-1b56fbf88f98'),
 ('45','Entry','2014-06-11 01:39:21','2014-06-11 01:39:21','5f7ee0a1-1dbb-4464-ab20-a8d6d53cf869'),
 ('47','Entry','2014-06-14 18:48:30','2014-06-14 18:48:30','f379b6fd-9f44-46eb-ac0e-feb9e7608794'),
 ('48','GlobalSet','2014-06-14 20:10:45','2014-06-14 20:10:45','06b5a300-b7d5-4e4d-8f27-13702a8d82a1'),
 ('49','Entry','2014-06-14 23:40:32','2014-06-14 23:40:32','02461fcd-19cf-4fe8-b391-b5b20de0e827'),
 ('50','Asset','2014-06-17 21:35:12','2014-06-17 21:35:12','6bdc1f37-3edd-47b6-8c99-7f559c8eb682'),
 ('52','MatrixBlock','2014-06-18 22:15:44','2014-06-18 22:15:44','17a80ccf-e15c-4b69-9345-db045e1569fc'),
 ('55','Asset','2014-06-18 22:19:35','2014-06-18 22:19:35','c0c4b115-620c-424f-8c1e-1b80dc1b08f1'),
 ('59','Entry','2014-06-18 22:26:19','2014-06-18 22:26:19','b4c6740f-65db-443c-a382-3af648517a5b');

CREATE TABLE `craft_fieldlayouttabs` (
  `id` int(11) NOT NULL AUTO_INCREMENT,
  `layoutId` int(11) NOT NULL,
  `name` varchar(255) COLLATE utf8_unicode_ci NOT NULL,
  `sortOrder` tinyint(4) DEFAULT NULL,
  `dateCreated` datetime NOT NULL,
  `dateUpdated` datetime NOT NULL,
  `uid` char(36) COLLATE utf8_unicode_ci NOT NULL DEFAULT '0',
  PRIMARY KEY (`id`),
  KEY `craft_fieldlayouttabs_sortOrder_idx` (`sortOrder`),
  KEY `craft_fieldlayouttabs_layoutId_fk` (`layoutId`),
  CONSTRAINT `craft_fieldlayouttabs_layoutId_fk` FOREIGN KEY (`layoutId`) REFERENCES `craft_fieldlayouts` (`id`) ON DELETE CASCADE
) ENGINE=InnoDB AUTO_INCREMENT=34 DEFAULT CHARSET=utf8 COLLATE=utf8_unicode_ci;

insert into `craft_fieldlayouttabs` values('14','17','Employee Info','1','2014-06-05 23:43:27','2014-06-05 23:43:27','9a441521-0f13-4172-83cd-8ad5bc4aa5b8'),
 ('16','25','Content','1','2014-06-06 00:37:14','2014-06-06 00:37:14','1252f1fc-eedd-42ab-b158-4649c93ff3b5'),
 ('18','34','Content','1','2014-06-06 03:59:17','2014-06-06 03:59:17','771ccf87-0651-4773-8bec-9cf8e6f95b6c'),
 ('25','44','Content','1','2014-06-11 01:07:15','2014-06-11 01:07:15','774c6fad-0a9c-4a9d-94fe-bb7f1893ecb1'),
 ('26','44','Slider','2','2014-06-11 01:07:15','2014-06-11 01:07:15','0f350ed7-7b7c-4443-9eb6-cde418aaa84d'),
 ('27','45','Slider','1','2014-06-11 01:39:21','2014-06-11 01:39:21','f0195cb7-2d51-468f-9071-de06eb800380'),
 ('28','47','Item','1','2014-06-14 18:48:30','2014-06-14 18:48:30','7d988d92-0bb4-4895-968c-b5f13b149cda'),
 ('29','49','Default','1','2014-06-14 23:40:32','2014-06-14 23:40:32','55237204-96be-4daf-b88f-838ee86723b8'),
 ('30','49','Headings & Messages','2','2014-06-14 23:40:32','2014-06-14 23:40:32','cfdf7e9c-7494-49c4-9e81-a384034c81d4'),
 ('33','59','Award','1','2014-06-18 22:26:19','2014-06-18 22:26:19','96b2b93d-923d-4769-9f72-02fa0fa05263');

CREATE TABLE `craft_fields` (
  `id` int(11) NOT NULL AUTO_INCREMENT,
  `groupId` int(11) DEFAULT NULL,
  `name` varchar(255) COLLATE utf8_unicode_ci NOT NULL,
  `handle` varchar(58) COLLATE utf8_unicode_ci NOT NULL,
  `context` varchar(255) COLLATE utf8_unicode_ci NOT NULL DEFAULT 'global',
  `instructions` text COLLATE utf8_unicode_ci,
  `translatable` tinyint(1) unsigned NOT NULL DEFAULT '0',
  `type` varchar(150) COLLATE utf8_unicode_ci NOT NULL,
  `settings` text COLLATE utf8_unicode_ci,
  `dateCreated` datetime NOT NULL,
  `dateUpdated` datetime NOT NULL,
  `uid` char(36) COLLATE utf8_unicode_ci NOT NULL DEFAULT '0',
  PRIMARY KEY (`id`),
  UNIQUE KEY `craft_fields_handle_context_unq_idx` (`handle`,`context`),
  KEY `craft_fields_context_idx` (`context`),
  KEY `craft_fields_groupId_fk` (`groupId`),
  CONSTRAINT `craft_fields_groupId_fk` FOREIGN KEY (`groupId`) REFERENCES `craft_fieldgroups` (`id`) ON DELETE CASCADE
) ENGINE=InnoDB AUTO_INCREMENT=61 DEFAULT CHARSET=utf8 COLLATE=utf8_unicode_ci;

insert into `craft_fields` values('1','1','Heading','heading','global',null,'1','PlainText',null,'2014-05-10 01:07:38','2014-05-10 01:07:38','895c3eec-f63b-46b6-8fcb-7b4be6cb0f92'),
 ('2','1','Body','body','global',null,'1','RichText','{\"configFile\":\"Standard.json\"}','2014-05-10 01:07:38','2014-05-10 01:07:38','f073ec9e-fc81-4924-a09e-ee868642fe22'),
 ('3','1','Tags','tags','global',null,'0','Tags','{\"source\":\"taggroup:1\"}','2014-05-10 01:07:38','2014-05-10 01:07:38','14a2ce1b-772f-4e98-9699-2e27e7c6efdc'),
 ('4','2','Address','contactAddress','global','','0','RichText','{\"configFile\":\"\",\"cleanupHtml\":\"\"}','2014-06-05 03:06:01','2014-06-05 19:50:17','daa428b1-2c91-43dd-96e0-d5df66ab7cf8'),
 ('5','2','Telephone','contactTelephone','global','','0','PlainText','{\"placeholder\":\"\",\"maxLength\":\"\",\"multiline\":\"\",\"initialRows\":\"4\"}','2014-06-05 03:06:47','2014-06-05 03:07:27','63a10bcf-4c67-4d4a-86d0-217e3920f292'),
 ('6','2','Facsimile','contactFacsimile','global','','0','PlainText','{\"placeholder\":\"\",\"maxLength\":\"\",\"multiline\":\"\",\"initialRows\":\"4\"}','2014-06-05 03:08:04','2014-06-05 03:08:04','af3ac8e2-f747-4b4c-b058-042ace8c1282'),
 ('7','2','Email','contactEmail','global','','0','PlainText','{\"placeholder\":\"you@domain.com\",\"maxLength\":\"\",\"multiline\":\"\",\"initialRows\":\"4\"}','2014-06-05 03:08:37','2014-06-05 19:13:04','0cd09ca5-31ac-4a99-84de-c8ee316412cf'),
 ('8','2','Google Map','contactGoogleMap','global','Embed code for Google Map','0','RichText','{\"configFile\":\"Standard.json\",\"cleanupHtml\":\"\"}','2014-06-05 19:04:25','2014-06-05 19:12:35','d955a5bc-1ca0-449f-8584-e37cb4cb7e67'),
 ('9','2','Directions','contactDirections','global','','0','RichText','{\"configFile\":\"Standard.json\",\"cleanupHtml\":\"\"}','2014-06-05 19:10:27','2014-06-05 19:12:42','f9234720-9560-4788-978c-0d8df877ebaf'),
 ('10','1','Page Title','pageTitle','global','Title of the page','0','PlainText','{\"placeholder\":\"\",\"maxLength\":\"\",\"multiline\":\"\",\"initialRows\":\"4\"}','2014-06-05 19:42:25','2014-06-05 19:42:25','4277aca6-7a96-4e17-81ff-d70ea36111bd'),
 ('11','2','Contact Details Heading','contactDetailsHeading','global','','0','PlainText','{\"placeholder\":\"\",\"maxLength\":\"\",\"multiline\":\"\",\"initialRows\":\"4\"}','2014-06-05 20:55:03','2014-06-05 20:55:03','d98ffacf-2e84-489b-b807-2a4e7e266749'),
 ('12','2','Contact Directions Heading','contactDirectionsHeading','global','','0','PlainText','{\"placeholder\":\"\",\"maxLength\":\"\",\"multiline\":\"\",\"initialRows\":\"4\"}','2014-06-05 20:55:39','2014-06-05 20:56:09','9a03793f-c660-46dd-a72a-760af6ca714b'),
 ('13','2','Contact Form Heading','contactFormHeading','global','','0','PlainText','{\"placeholder\":\"\",\"maxLength\":\"\",\"multiline\":\"\",\"initialRows\":\"4\"}','2014-06-05 20:55:55','2014-06-05 20:55:55','841a9929-950f-4d27-9cf6-6fb367d0d140'),
 ('14','3','First Name','employeeFirstName','global','','0','PlainText','{\"placeholder\":\"\",\"maxLength\":\"\",\"multiline\":\"\",\"initialRows\":\"4\"}','2014-06-05 21:02:52','2014-06-05 23:42:50','41742fee-4a3b-41c3-b570-f5b722a163e8'),
 ('15','3','Last Name','employeeLastName','global','','0','PlainText','{\"placeholder\":\"\",\"maxLength\":\"\",\"multiline\":\"\",\"initialRows\":\"4\"}','2014-06-05 21:03:04','2014-06-05 21:03:04','344aff6d-2bfc-4bd0-8763-42a856aeab23'),
 ('16','3','Title','employeeTitle','global','','0','PlainText','{\"placeholder\":\"\",\"maxLength\":\"\",\"multiline\":\"\",\"initialRows\":\"4\"}','2014-06-05 21:03:15','2014-06-05 21:03:15','668b94e6-0c86-4168-9fe7-d8789551943d'),
 ('17','3','Credentials','employeeCredentials','global','','0','PlainText','{\"placeholder\":\"\",\"maxLength\":\"\",\"multiline\":\"\",\"initialRows\":\"4\"}','2014-06-05 21:03:35','2014-06-05 21:03:35','7deea63f-b8e7-4849-a852-7df3059e5523'),
 ('18','3','Bio','employeeBio','global','','0','RichText','{\"configFile\":\"Simple.json\",\"cleanupHtml\":\"1\"}','2014-06-05 21:03:59','2014-06-05 23:46:43','449fc88b-871c-4745-ac4f-035901745417'),
 ('19','3','Photo','employeePhoto','global','','0','Assets','{\"useSingleFolder\":\"1\",\"sources\":\"*\",\"defaultUploadLocationSource\":\"1\",\"defaultUploadLocationSubpath\":\"\",\"singleUploadLocationSource\":\"1\",\"singleUploadLocationSubpath\":\"\",\"restrictFiles\":\"1\",\"allowedKinds\":[\"image\"],\"limit\":\"1\"}','2014-06-05 21:04:43','2014-06-06 00:09:49','4d8ec7fa-ec76-4e91-a8f9-78420a560d3c'),
 ('20','3','Type','employeeType','global','','0','RadioButtons','{\"options\":[{\"label\":\"Director\",\"value\":\"director\",\"default\":\"1\"},{\"label\":\"Staff\",\"value\":\"staff\",\"default\":\"\"}]}','2014-06-05 21:07:20','2014-06-05 23:54:27','d45c2c01-055d-484b-9570-ca262f1983f0'),
 ('21','3','Display Settings','employeeDisplaySettings','global','','0','Checkboxes','{\"options\":[{\"label\":\"Show Employee Bio\",\"value\":\"true\",\"default\":\"1\"}]}','2014-06-05 21:10:08','2014-06-05 23:58:06','b8faae14-1ac9-4bf0-8f0d-059fdb7c4bb3'),
 ('22','4','Post Body','postBody','global','','0','RichText','{\"configFile\":\"\",\"cleanupHtml\":\"\"}','2014-06-06 00:25:09','2014-06-06 00:25:09','ba8dc563-b43a-4b6f-8dcc-31d5df1c6415'),
 ('23','4','Post Intro','postIntro','global','','0','RichText','{\"configFile\":\"\",\"cleanupHtml\":\"\"}','2014-06-06 00:25:43','2014-06-06 00:25:43','d756109f-8d95-433a-9789-3df9392ef8f2'),
 ('24','4','Display Settings','postDisplaySettings','global','','0','Checkboxes','{\"options\":[{\"label\":\"Show intro on post page\",\"value\":\"True\",\"default\":\"1\"}]}','2014-06-06 00:27:38','2014-06-06 00:27:38','ee486e66-aa65-4735-9e5b-7c1202ce3099'),
 ('25','1','Alt Text','altText','global','','0','PlainText','{\"placeholder\":\"\",\"maxLength\":\"\",\"multiline\":\"\",\"initialRows\":\"4\"}','2014-06-06 00:29:40','2014-06-06 00:30:30','26b43029-30ba-4c39-85b7-bf8f5e5036d1'),
 ('26','4','Post Image','postImage','global','','0','Assets','{\"useSingleFolder\":\"1\",\"sources\":[\"2\"],\"defaultUploadLocationSource\":\"1\",\"defaultUploadLocationSubpath\":\"\",\"singleUploadLocationSource\":\"2\",\"singleUploadLocationSubpath\":\"\",\"restrictFiles\":\"1\",\"allowedKinds\":[\"image\"],\"limit\":\"1\"}','2014-06-06 00:36:40','2014-06-06 00:36:40','a9847cae-85ee-4dd8-bb7f-be2f7c7929a2'),
 ('28','5','Social Networks','socialNetworks','global','','0','Matrix','{\"maxBlocks\":null}','2014-06-06 01:30:19','2014-06-06 01:30:19','34ac832a-646a-446d-9b49-55dfe4d53745'),
 ('29',null,'Network Name','networkName','matrixBlockType:1',null,'0','PlainText','{\"placeholder\":\"ie Facebook\",\"maxLength\":\"\",\"multiline\":\"\",\"initialRows\":\"4\"}','2014-06-06 01:30:20','2014-06-06 01:30:20','315a6e17-79f0-4f14-93e2-3cf374b8f51d'),
 ('30',null,'Network Url','networkUrl','matrixBlockType:1',null,'0','PlainText','{\"placeholder\":\"ie http:\\/\\/facebook.com\\/corben\",\"maxLength\":\"\",\"multiline\":\"\",\"initialRows\":\"4\"}','2014-06-06 01:30:20','2014-06-06 01:30:20','8db6a59e-2420-4870-8bd1-4836c3ff3d91'),
 ('31',null,'Network Icon','networkIcon','matrixBlockType:1',null,'0','PlainText','{\"placeholder\":\"ie fa-facebook {from http:\\/\\/fontawesome.io}\",\"maxLength\":\"\",\"multiline\":\"\",\"initialRows\":\"4\"}','2014-06-06 01:30:20','2014-06-06 01:30:20','7d152655-01fc-47e9-84f3-700599a0938f'),
 ('32','5','Page Image','pageImage','global','','0','Assets','{\"useSingleFolder\":\"1\",\"sources\":\"*\",\"defaultUploadLocationSource\":\"1\",\"defaultUploadLocationSubpath\":\"\",\"singleUploadLocationSource\":\"3\",\"singleUploadLocationSubpath\":\"\",\"restrictFiles\":\"1\",\"allowedKinds\":[\"image\"],\"limit\":\"1\"}','2014-06-06 03:56:48','2014-06-06 03:58:30','e368990c-c3f4-46db-8d6f-3acb703eef62'),
 ('33','6','Description','projectDescription','global','','0','RichText','{\"configFile\":\"\",\"cleanupHtml\":\"1\"}','2014-06-07 22:59:10','2014-06-07 23:00:14','48847aa5-da9c-4a88-9fd8-945b01cf4a2e'),
 ('34','6','Title','projectTitle','global','','0','PlainText','{\"placeholder\":\"\",\"maxLength\":\"\",\"multiline\":\"\",\"initialRows\":\"4\"}','2014-06-07 22:59:22','2014-06-07 23:00:09','557036fa-09bf-4819-8496-48f10fcbd6de'),
 ('35','6','Suburb','projectSuburb','global','','0','PlainText','{\"placeholder\":\"\",\"maxLength\":\"\",\"multiline\":\"\",\"initialRows\":\"4\"}','2014-06-07 23:00:03','2014-06-07 23:00:03','3695516b-cbbe-4d35-89a3-690f7184e01b'),
 ('36','6','Completed','projectCompleted','global','Year','0','PlainText','{\"placeholder\":\"\",\"maxLength\":\"4\",\"multiline\":\"\",\"initialRows\":\"4\"}','2014-06-07 23:00:56','2014-06-11 01:04:11','4fc8f2b2-6ce9-40c9-893f-a9844740ff45'),
 ('37','6','Builder','projectBuilder','global','','0','PlainText','{\"placeholder\":\"\",\"maxLength\":\"\",\"multiline\":\"\",\"initialRows\":\"4\"}','2014-06-07 23:01:10','2014-06-07 23:01:10','020293c3-0173-4b6a-b06d-c81790722d51'),
 ('38','6','Area','projectArea','global','Square Meters','0','PlainText','{\"placeholder\":\"\",\"maxLength\":\"\",\"multiline\":\"\",\"initialRows\":\"4\"}','2014-06-07 23:01:31','2014-06-07 23:01:31','6d46cbde-6abc-4f54-be4c-f7e6d30320d7'),
 ('39','6','Photographer','projectPhotographer','global','','0','PlainText','{\"placeholder\":\"\",\"maxLength\":\"\",\"multiline\":\"\",\"initialRows\":\"4\"}','2014-06-07 23:01:46','2014-06-07 23:01:46','69b2024f-e0f8-41ac-b3b7-ecebd9545617'),
 ('40','6','Downloadable PDF','projectPdf','global','','0','Assets','{\"useSingleFolder\":\"\",\"sources\":[\"4\"],\"defaultUploadLocationSource\":\"4\",\"defaultUploadLocationSubpath\":\"pdf\",\"singleUploadLocationSource\":\"4\",\"singleUploadLocationSubpath\":\"\",\"restrictFiles\":\"1\",\"allowedKinds\":[\"pdf\"],\"limit\":\"1\"}','2014-06-07 23:02:34','2014-06-11 01:02:08','cc956e6e-dec1-4a69-be19-a2e7e68cc8ff'),
 ('41','6','Thumbnail','projectThumbnail','global','','0','Assets','{\"useSingleFolder\":\"\",\"sources\":\"*\",\"defaultUploadLocationSource\":\"4\",\"defaultUploadLocationSubpath\":\"\",\"singleUploadLocationSource\":\"4\",\"singleUploadLocationSubpath\":\"thumbnails\",\"restrictFiles\":\"1\",\"allowedKinds\":[\"image\"],\"limit\":\"1\"}','2014-06-07 23:07:00','2014-06-17 21:38:42','90b2b520-bace-4763-9e15-89adbbf96564'),
 ('42','6','Category','projectCategory','global','','0','Categories','{\"source\":\"group:1\",\"limit\":\"\"}','2014-06-07 23:10:29','2014-06-07 23:10:29','f2ddd97b-c9fc-4c93-bb0f-2a66142fe3c8'),
 ('43','6','Slides','projectSlides','global','','0','Matrix','{\"maxBlocks\":null}','2014-06-07 23:15:02','2014-06-07 23:56:58','9bea0254-e15b-44c4-8027-1e4f7257f7f7'),
 ('44',null,'Image','image','matrixBlockType:2',null,'0','Assets','{\"useSingleFolder\":\"\",\"sources\":[\"4\"],\"defaultUploadLocationSource\":\"4\",\"defaultUploadLocationSubpath\":\"\",\"singleUploadLocationSource\":\"4\",\"singleUploadLocationSubpath\":\"\",\"restrictFiles\":\"1\",\"allowedKinds\":[\"image\"],\"limit\":\"1\"}','2014-06-07 23:15:03','2014-06-07 23:56:58','906a5ae7-ca13-43b2-b12f-cae4695c63b5'),
 ('45',null,'Alt Text','altText','matrixBlockType:2',null,'0','PlainText','{\"placeholder\":\"\",\"maxLength\":\"\",\"multiline\":\"\",\"initialRows\":\"4\"}','2014-06-07 23:16:48','2014-06-07 23:56:58','021a8297-4b0e-4be7-b105-94197ce98347'),
 ('46','6','Display Settings (Project)','projectDisplaySettings','global','','0','Checkboxes','{\"options\":[{\"label\":\"Show Suburb\",\"value\":\"showSuburb\",\"default\":\"1\"},{\"label\":\"Show Completed\",\"value\":\"showCompleted\",\"default\":\"1\"},{\"label\":\"Show Builder\",\"value\":\"showBuilder\",\"default\":\"1\"},{\"label\":\"Show Area\",\"value\":\"showArea\",\"default\":\"1\"},{\"label\":\"Show Photographer\",\"value\":\"showPhotographer\",\"default\":\"1\"}]}','2014-06-07 23:22:10','2014-06-07 23:37:30','629e9ba1-e7df-485d-977d-7dc58b447571'),
 ('47','6','Display Settings (Thumbnail Grid)','projectThumbDisplaySettings','global','','0','Checkboxes','{\"options\":[{\"label\":\"Show Suburb\",\"value\":\"showSuburb\",\"default\":\"1\"}]}','2014-06-07 23:34:21','2014-06-07 23:34:21','3e1a9b4b-dc62-4280-8e44-678c63c3c3e3'),
 ('48','1','Custom URL','customURL','global','','0','PlainText','{\"placeholder\":\"\",\"maxLength\":\"\",\"multiline\":\"\",\"initialRows\":\"4\"}','2014-06-14 18:46:19','2014-06-14 18:46:19','fa884aa2-345b-4df0-84de-b51380a85709'),
 ('49','1','Related Entry','relatedEntry','global','','0','Entries','{\"sources\":\"*\",\"limit\":\"1\"}','2014-06-14 18:47:28','2014-06-14 18:47:28','aee2026d-bb0f-419f-9003-26ada02c6c5f'),
 ('50','1','Meta Description','metaDescription','global','','0','PlainText','{\"placeholder\":\"\",\"maxLength\":\"\",\"multiline\":\"\",\"initialRows\":\"4\"}','2014-06-14 20:03:48','2014-06-14 20:03:48','7cf0fa07-6b86-4ddf-816d-36616f3a35ce'),
 ('51','1','Meta Keywords','metaKeywords','global','','0','PlainText','{\"placeholder\":\"\",\"maxLength\":\"\",\"multiline\":\"\",\"initialRows\":\"4\"}','2014-06-14 20:04:02','2014-06-14 20:04:02','896ac546-5187-4d65-b549-c4787666716b'),
 ('52','1','Meta Author','metaAuthor','global','','0','PlainText','{\"placeholder\":\"\",\"maxLength\":\"\",\"multiline\":\"\",\"initialRows\":\"4\"}','2014-06-14 20:04:14','2014-06-14 20:04:14','e19e1695-0c39-4c90-9b64-9de081524260'),
 ('53','1','Meta Google Site Verification Code','metaGoogleSiteVerificationCode','global','','0','PlainText','{\"placeholder\":\"\",\"maxLength\":\"\",\"multiline\":\"\",\"initialRows\":\"4\"}','2014-06-14 20:09:48','2014-06-14 20:09:48','049fec1e-4839-4fc6-926d-2a438bf75d6f'),
 ('54','2','Thank You Message','contactThankYouMessage','global','Message that appears to the user after submitting the Contact form.','0','PlainText','{\"placeholder\":\"\",\"maxLength\":\"\",\"multiline\":\"\",\"initialRows\":\"4\"}','2014-06-14 23:39:44','2014-06-14 23:41:59','5f03bb82-a586-43a9-b48e-7a6662b22c75'),
 ('55','7','Subtitle','awardSubtitle','global','','0','PlainText','{\"placeholder\":\"\",\"maxLength\":\"\",\"multiline\":\"\",\"initialRows\":\"4\"}','2014-06-18 22:12:26','2014-06-18 22:15:33','de9ca249-a717-45dd-a9d7-14af3f77058e'),
 ('56','7','Notions','awardNotions','global','','0','Matrix','{\"maxBlocks\":null}','2014-06-18 22:14:24','2014-06-18 22:15:44','db2dbdd2-79ef-4f84-8b62-7c6467da75c2'),
 ('57',null,'Notion','notion','matrixBlockType:3',null,'0','PlainText','{\"placeholder\":\"\",\"maxLength\":\"\",\"multiline\":\"\",\"initialRows\":\"4\"}','2014-06-18 22:14:25','2014-06-18 22:15:44','a126c380-98bf-4a66-859e-fd2bf30913bc'),
 ('58','7','Image','awardImage','global','','0','Assets','{\"useSingleFolder\":\"\",\"sources\":\"*\",\"defaultUploadLocationSource\":\"1\",\"defaultUploadLocationSubpath\":\"\",\"singleUploadLocationSource\":\"1\",\"singleUploadLocationSubpath\":\"\",\"restrictFiles\":\"1\",\"allowedKinds\":[\"image\"],\"limit\":\"1\"}','2014-06-18 22:16:15','2014-06-18 22:16:15','5fc15b93-56c8-4b05-a41d-0a1d132396a5'),
 ('59','7','Related Project','awardRelatedProject','global','','0','Entries','{\"sources\":[\"section:6\"],\"limit\":\"1\"}','2014-06-18 22:20:31','2014-06-18 22:20:31','71858f75-2574-4060-928d-a74d03149dab'),
 ('60','7','Date','awardDate','global','','0','Date','{\"showDate\":1,\"showTime\":0}','2014-06-18 22:25:22','2014-06-18 22:25:22','f4b84abe-fb37-4c55-9e96-819f6597087f');

CREATE TABLE `craft_globalsets` (
  `id` int(11) NOT NULL,
  `name` varchar(255) COLLATE utf8_unicode_ci NOT NULL,
  `handle` varchar(255) COLLATE utf8_unicode_ci NOT NULL,
  `fieldLayoutId` int(10) DEFAULT NULL,
  `dateCreated` datetime NOT NULL,
  `dateUpdated` datetime NOT NULL,
  `uid` char(36) COLLATE utf8_unicode_ci NOT NULL DEFAULT '0',
  PRIMARY KEY (`id`),
  UNIQUE KEY `craft_globalsets_name_unq_idx` (`name`),
  UNIQUE KEY `craft_globalsets_handle_unq_idx` (`handle`),
  KEY `craft_globalsets_fieldLayoutId_fk` (`fieldLayoutId`),
  CONSTRAINT `craft_globalsets_fieldLayoutId_fk` FOREIGN KEY (`fieldLayoutId`) REFERENCES `craft_fieldlayouts` (`id`) ON DELETE SET NULL,
  CONSTRAINT `craft_globalsets_id_fk` FOREIGN KEY (`id`) REFERENCES `craft_elements` (`id`) ON DELETE CASCADE
) ENGINE=InnoDB DEFAULT CHARSET=utf8 COLLATE=utf8_unicode_ci;

insert into `craft_globalsets` values('13','General','general','29','2014-06-06 01:22:18','2014-06-06 01:30:50','93f84489-60e4-4680-9a2f-f6cfdaba2542'),
 ('54','Meta','meta','48','2014-06-14 20:10:45','2014-06-14 20:10:45','c5e4dc15-afdc-4ff5-9c05-d510a3dc2828');

CREATE TABLE `craft_info` (
  `id` int(11) NOT NULL AUTO_INCREMENT,
  `version` varchar(15) COLLATE utf8_unicode_ci NOT NULL,
  `build` int(11) unsigned NOT NULL,
  `schemaVersion` varchar(15) COLLATE utf8_unicode_ci NOT NULL,
  `releaseDate` datetime NOT NULL,
  `edition` tinyint(1) unsigned NOT NULL DEFAULT '0',
  `siteName` varchar(100) COLLATE utf8_unicode_ci NOT NULL,
  `siteUrl` varchar(255) COLLATE utf8_unicode_ci NOT NULL,
  `timezone` varchar(30) COLLATE utf8_unicode_ci DEFAULT NULL,
  `on` tinyint(1) unsigned NOT NULL DEFAULT '0',
  `maintenance` tinyint(1) unsigned NOT NULL DEFAULT '0',
  `track` varchar(40) COLLATE utf8_unicode_ci NOT NULL,
  `dateCreated` datetime NOT NULL,
  `dateUpdated` datetime NOT NULL,
  `uid` char(36) COLLATE utf8_unicode_ci NOT NULL DEFAULT '0',
  PRIMARY KEY (`id`)
) ENGINE=InnoDB AUTO_INCREMENT=2 DEFAULT CHARSET=utf8 COLLATE=utf8_unicode_ci;

insert into `craft_info` values('1','2.0','2539','2.0.1','2014-05-08 20:06:48','1','Corben Architects','{siteUrl}','Australia/Melbourne','1','0','stable','2014-05-10 01:07:32','2014-06-06 00:06:11','9cebeb22-30b4-4ec2-8d8e-3bed81ff322c');

CREATE TABLE `craft_locales` (
  `locale` char(12) COLLATE utf8_unicode_ci NOT NULL,
  `sortOrder` tinyint(4) DEFAULT NULL,
  `dateCreated` datetime NOT NULL,
  `dateUpdated` datetime NOT NULL,
  `uid` char(36) COLLATE utf8_unicode_ci NOT NULL DEFAULT '0',
  PRIMARY KEY (`locale`),
  KEY `craft_locales_sortOrder_idx` (`sortOrder`)
) ENGINE=InnoDB DEFAULT CHARSET=utf8 COLLATE=utf8_unicode_ci;

insert into `craft_locales` values('en_us','1','2014-05-10 01:07:33','2014-05-10 01:07:33','b4b9ee12-5b4e-4049-b35d-506287f11b84');

CREATE TABLE `craft_matrixblocks` (
  `id` int(11) NOT NULL,
  `ownerId` int(11) NOT NULL,
  `fieldId` int(11) NOT NULL,
  `typeId` int(11) DEFAULT NULL,
  `ownerLocale` char(12) COLLATE utf8_unicode_ci DEFAULT NULL,
  `sortOrder` tinyint(4) DEFAULT NULL,
  `dateCreated` datetime NOT NULL,
  `dateUpdated` datetime NOT NULL,
  `uid` char(36) COLLATE utf8_unicode_ci NOT NULL DEFAULT '0',
  PRIMARY KEY (`id`),
  KEY `craft_matrixblocks_ownerId_idx` (`ownerId`),
  KEY `craft_matrixblocks_fieldId_idx` (`fieldId`),
  KEY `craft_matrixblocks_typeId_idx` (`typeId`),
  KEY `craft_matrixblocks_sortOrder_idx` (`sortOrder`),
  KEY `craft_matrixblocks_ownerLocale_fk` (`ownerLocale`),
  CONSTRAINT `craft_matrixblocks_fieldId_fk` FOREIGN KEY (`fieldId`) REFERENCES `craft_fields` (`id`) ON DELETE CASCADE,
  CONSTRAINT `craft_matrixblocks_id_fk` FOREIGN KEY (`id`) REFERENCES `craft_elements` (`id`) ON DELETE CASCADE,
  CONSTRAINT `craft_matrixblocks_ownerId_fk` FOREIGN KEY (`ownerId`) REFERENCES `craft_elements` (`id`) ON DELETE CASCADE,
  CONSTRAINT `craft_matrixblocks_ownerLocale_fk` FOREIGN KEY (`ownerLocale`) REFERENCES `craft_locales` (`locale`) ON DELETE CASCADE ON UPDATE CASCADE,
  CONSTRAINT `craft_matrixblocks_typeId_fk` FOREIGN KEY (`typeId`) REFERENCES `craft_matrixblocktypes` (`id`) ON DELETE CASCADE
) ENGINE=InnoDB DEFAULT CHARSET=utf8 COLLATE=utf8_unicode_ci;

insert into `craft_matrixblocks` values('14','13','28','1',null,'1','2014-06-06 01:33:18','2014-06-06 01:34:36','0f70b7e2-a5be-464b-926f-387f062e78ac'),
 ('15','13','28','1',null,'2','2014-06-06 01:33:18','2014-06-06 01:34:36','68364fd6-9c15-40be-a8fd-8a8ac27a0764'),
 ('29','26','43','2',null,'1','2014-06-07 23:58:51','2014-06-17 22:02:18','6a441f65-465c-4c69-9a6d-bb8eba82c9b1'),
 ('30','26','43','2',null,'2','2014-06-07 23:58:51','2014-06-17 22:02:18','c946454c-de45-4519-92d0-d8db1817cec0'),
 ('31','26','43','2',null,'3','2014-06-07 23:58:51','2014-06-17 22:02:18','4626e321-169c-4a21-bc5e-f9cc6f58e13c'),
 ('43','26','43','2',null,'4','2014-06-08 00:28:29','2014-06-17 22:02:18','c312cbe3-ec0a-482a-b2ec-eaa8a733ca2a'),
 ('44','26','43','2',null,'5','2014-06-08 00:28:29','2014-06-17 22:02:18','e33ee28a-b38c-4103-8d8a-cf1c0162a8e0'),
 ('45','26','43','2',null,'6','2014-06-08 00:28:29','2014-06-17 22:02:18','4f04562a-19e4-4a9d-8601-b8423451954f'),
 ('46','26','43','2',null,'7','2014-06-08 00:28:29','2014-06-17 22:02:18','4a409876-c59b-418b-b43f-bacd35b1fe83'),
 ('49','2','43','2',null,'2','2014-06-11 01:41:08','2014-06-11 01:45:48','102dff50-5c59-48e0-ba24-869d3686fb17'),
 ('50','2','43','2',null,'1','2014-06-11 01:41:08','2014-06-11 01:45:48','30d2b68b-674f-49f3-af7d-81cd4b202c28'),
 ('51','2','43','2',null,'3','2014-06-11 01:41:08','2014-06-11 01:45:48','66fdb130-9c19-4f4e-85c1-e77e28544afd'),
 ('56','55','56','3',null,'1','2014-06-18 22:24:35','2014-06-19 00:59:46','6ab20825-4155-4351-bb2f-fcd8459a4182'),
 ('57','55','56','3',null,'2','2014-06-18 22:24:35','2014-06-19 00:59:46','0de53a39-2d13-4121-b04f-3c61a78aed12'),
 ('61','60','56','3',null,'1','2014-06-18 23:05:17','2014-06-18 23:05:17','d3d721ed-b4ba-4613-b122-a400edd0e7a7'),
 ('62','60','56','3',null,'2','2014-06-18 23:05:17','2014-06-18 23:05:17','885128c9-c352-4bfa-968b-9e2941742357'),
 ('63','60','56','3',null,'3','2014-06-18 23:05:17','2014-06-18 23:05:17','a512e23e-41df-4447-9bef-e90891fdc1f1');

CREATE TABLE `craft_matrixblocktypes` (
  `id` int(11) NOT NULL AUTO_INCREMENT,
  `fieldId` int(11) NOT NULL,
  `fieldLayoutId` int(11) DEFAULT NULL,
  `name` varchar(255) COLLATE utf8_unicode_ci NOT NULL,
  `handle` varchar(255) COLLATE utf8_unicode_ci NOT NULL,
  `sortOrder` tinyint(4) DEFAULT NULL,
  `dateCreated` datetime NOT NULL,
  `dateUpdated` datetime NOT NULL,
  `uid` char(36) COLLATE utf8_unicode_ci NOT NULL DEFAULT '0',
  PRIMARY KEY (`id`),
  UNIQUE KEY `craft_matrixblocktypes_name_fieldId_unq_idx` (`name`,`fieldId`),
  UNIQUE KEY `craft_matrixblocktypes_handle_fieldId_unq_idx` (`handle`,`fieldId`),
  KEY `craft_matrixblocktypes_fieldId_fk` (`fieldId`),
  KEY `craft_matrixblocktypes_fieldLayoutId_fk` (`fieldLayoutId`),
  CONSTRAINT `craft_matrixblocktypes_fieldId_fk` FOREIGN KEY (`fieldId`) REFERENCES `craft_fields` (`id`) ON DELETE CASCADE,
  CONSTRAINT `craft_matrixblocktypes_fieldLayoutId_fk` FOREIGN KEY (`fieldLayoutId`) REFERENCES `craft_fieldlayouts` (`id`) ON DELETE SET NULL
) ENGINE=InnoDB AUTO_INCREMENT=4 DEFAULT CHARSET=utf8 COLLATE=utf8_unicode_ci;

insert into `craft_matrixblocktypes` values('1','28','28','Network','network','1','2014-06-06 01:30:20','2014-06-06 01:30:20','e3eac004-b500-43e1-aadf-5effa7c56038'),
 ('2','43','43','Slide','slide','1','2014-06-07 23:15:03','2014-06-07 23:56:58','4a5bdbe2-1625-4259-98a3-35d54dbe2a2d'),
 ('3','56','52','Notion','notion','1','2014-06-18 22:14:25','2014-06-18 22:15:44','85165eea-41b8-4175-b366-eac7250841b9');

CREATE TABLE `craft_matrixcontent_awardnotions` (
  `id` int(11) NOT NULL AUTO_INCREMENT,
  `elementId` int(11) NOT NULL,
  `locale` char(12) COLLATE utf8_unicode_ci NOT NULL,
  `field_notion_notion` text COLLATE utf8_unicode_ci,
  `dateCreated` datetime NOT NULL,
  `dateUpdated` datetime NOT NULL,
  `uid` char(36) COLLATE utf8_unicode_ci NOT NULL DEFAULT '0',
  PRIMARY KEY (`id`),
  UNIQUE KEY `craft_matrixcontent_awardnotions_elementId_locale_unq_idx` (`elementId`,`locale`),
  KEY `craft_matrixcontent_awardnotions_locale_fk` (`locale`),
  CONSTRAINT `craft_matrixcontent_awardnotions_elementId_fk` FOREIGN KEY (`elementId`) REFERENCES `craft_elements` (`id`) ON DELETE CASCADE,
  CONSTRAINT `craft_matrixcontent_awardnotions_locale_fk` FOREIGN KEY (`locale`) REFERENCES `craft_locales` (`locale`) ON DELETE CASCADE ON UPDATE CASCADE
) ENGINE=InnoDB AUTO_INCREMENT=7 DEFAULT CHARSET=utf8 COLLATE=utf8_unicode_ci;

insert into `craft_matrixcontent_awardnotions` values('1','56','en_us','Award One - Notion One','2014-06-18 22:24:35','2014-06-19 00:59:46','6dffdeca-500c-49f1-986d-099f36d5a4e0'),
 ('2','57','en_us','Award One - Notion Two','2014-06-18 22:24:35','2014-06-19 00:59:46','d02b166f-5fd9-4f2c-9397-5b7041a62174'),
 ('4','61','en_us','Awesome Design Award 2014','2014-06-18 23:05:17','2014-06-18 23:05:17','d0259f35-fbb5-47b5-af74-a97fbc79dec6'),
 ('5','62','en_us','LEED Certification Gold Winner 2014','2014-06-18 23:05:17','2014-06-18 23:05:17','29fb0436-8f88-4172-b2dd-c95f2ad13b87'),
 ('6','63','en_us','Excellence in HVAC 2014','2014-06-18 23:05:17','2014-06-18 23:05:17','e8e4ee4d-edde-44ce-9a7e-b4facaaaff0b');

CREATE TABLE `craft_matrixcontent_projectslides` (
  `id` int(11) NOT NULL AUTO_INCREMENT,
  `elementId` int(11) NOT NULL,
  `locale` char(12) COLLATE utf8_unicode_ci NOT NULL,
  `field_slide_altText` text COLLATE utf8_unicode_ci,
  `dateCreated` datetime NOT NULL,
  `dateUpdated` datetime NOT NULL,
  `uid` char(36) COLLATE utf8_unicode_ci NOT NULL DEFAULT '0',
  PRIMARY KEY (`id`),
  UNIQUE KEY `craft_matrixcontent_projectslides_elementId_locale_unq_idx` (`elementId`,`locale`),
  KEY `craft_matrixcontent_projectslides_locale_fk` (`locale`),
  CONSTRAINT `craft_matrixcontent_projectslides_elementId_fk` FOREIGN KEY (`elementId`) REFERENCES `craft_elements` (`id`) ON DELETE CASCADE,
  CONSTRAINT `craft_matrixcontent_projectslides_locale_fk` FOREIGN KEY (`locale`) REFERENCES `craft_locales` (`locale`) ON DELETE CASCADE ON UPDATE CASCADE
) ENGINE=InnoDB AUTO_INCREMENT=11 DEFAULT CHARSET=utf8 COLLATE=utf8_unicode_ci;

insert into `craft_matrixcontent_projectslides` values('1','29','en_us','Slide One','2014-06-07 23:58:51','2014-06-17 22:02:18','2e68df7f-62b4-4520-8f03-7cde2ad5d8ad'),
 ('2','30','en_us','Slide Two','2014-06-07 23:58:51','2014-06-17 22:02:18','b8c92acc-6876-4ed4-ba05-6fea8cc86c9a'),
 ('3','31','en_us','','2014-06-07 23:58:51','2014-06-17 22:02:18','0bcc6be4-37a4-48f0-9f0c-1b87b93107f7'),
 ('4','43','en_us','','2014-06-08 00:28:29','2014-06-17 22:02:18','fac0ba25-3050-48f0-affc-fdcd5c551270'),
 ('5','44','en_us','','2014-06-08 00:28:29','2014-06-17 22:02:18','d6f1c9b0-7c48-4c01-8693-205f75c5a4db'),
 ('6','45','en_us','','2014-06-08 00:28:29','2014-06-17 22:02:18','3ef17a83-f42a-4bf6-a97c-31fd65233d05'),
 ('7','46','en_us','','2014-06-08 00:28:29','2014-06-17 22:02:18','f4b24053-d1fe-485f-ac3f-b0ce5f772f8c'),
 ('8','49','en_us','Template Photo','2014-06-11 01:41:08','2014-06-11 01:45:48','6e589837-f4d6-404d-98a7-4d35f8c447bb'),
 ('9','50','en_us','Hometoun Ave. Photo One','2014-06-11 01:41:08','2014-06-11 01:45:48','236032f5-1ad0-41ea-83ba-6d9ee17b8c33'),
 ('10','51','en_us','Hometoun Ave. Photo Two','2014-06-11 01:41:08','2014-06-11 01:45:48','200fe330-e85a-49ae-9d16-965058c4bbf2');

CREATE TABLE `craft_matrixcontent_socialnetworks` (
  `id` int(11) NOT NULL AUTO_INCREMENT,
  `elementId` int(11) NOT NULL,
  `locale` char(12) COLLATE utf8_unicode_ci NOT NULL,
  `field_network_networkName` text COLLATE utf8_unicode_ci,
  `field_network_networkUrl` text COLLATE utf8_unicode_ci,
  `field_network_networkIcon` text COLLATE utf8_unicode_ci,
  `dateCreated` datetime NOT NULL,
  `dateUpdated` datetime NOT NULL,
  `uid` char(36) COLLATE utf8_unicode_ci NOT NULL DEFAULT '0',
  PRIMARY KEY (`id`),
  UNIQUE KEY `craft_matrixcontent_socialnetworks_elementId_locale_unq_idx` (`elementId`,`locale`),
  KEY `craft_matrixcontent_socialnetworks_locale_fk` (`locale`),
  CONSTRAINT `craft_matrixcontent_socialnetworks_elementId_fk` FOREIGN KEY (`elementId`) REFERENCES `craft_elements` (`id`) ON DELETE CASCADE,
  CONSTRAINT `craft_matrixcontent_socialnetworks_locale_fk` FOREIGN KEY (`locale`) REFERENCES `craft_locales` (`locale`) ON DELETE CASCADE ON UPDATE CASCADE
) ENGINE=InnoDB AUTO_INCREMENT=3 DEFAULT CHARSET=utf8 COLLATE=utf8_unicode_ci;

insert into `craft_matrixcontent_socialnetworks` values('1','14','en_us','Facebook','http://facebook.com','fa-facebook','2014-06-06 01:33:18','2014-06-06 01:34:36','71696189-7e58-44e2-baf9-37d9d81a493d'),
 ('2','15','en_us','Pinterest','http://pinterest.com','fa-pinterest','2014-06-06 01:33:18','2014-06-06 01:34:36','6429f98a-e34f-42e6-b51c-175c2ed8d8e7');

CREATE TABLE `craft_migrations` (
  `id` int(11) NOT NULL AUTO_INCREMENT,
  `pluginId` int(11) DEFAULT NULL,
  `version` varchar(255) COLLATE utf8_unicode_ci NOT NULL,
  `applyTime` datetime NOT NULL,
  `dateCreated` datetime NOT NULL,
  `dateUpdated` datetime NOT NULL,
  `uid` char(36) COLLATE utf8_unicode_ci NOT NULL DEFAULT '0',
  PRIMARY KEY (`id`),
  UNIQUE KEY `craft_migrations_version_unq_idx` (`version`),
  KEY `craft_migrations_pluginId_fk` (`pluginId`),
  CONSTRAINT `craft_migrations_pluginId_fk` FOREIGN KEY (`pluginId`) REFERENCES `craft_plugins` (`id`) ON DELETE CASCADE
) ENGINE=InnoDB AUTO_INCREMENT=46 DEFAULT CHARSET=utf8 COLLATE=utf8_unicode_ci;

insert into `craft_migrations` values('1',null,'m000000_000000_base','2014-05-10 01:07:33','2014-05-10 01:07:33','2014-05-10 01:07:33','ce59154d-28c1-474d-b258-9cc7a469231e'),
 ('2',null,'m131203_000000_allow_orphan_assets','2014-05-10 01:07:33','2014-05-10 01:07:33','2014-05-10 01:07:33','dbade2a4-c89d-4d25-8b63-1308a2f9965d'),
 ('3',null,'m131212_000001_add_missing_fk_to_emailmessages','2014-05-10 01:07:33','2014-05-10 01:07:33','2014-05-10 01:07:33','ee275393-ef94-4318-ba76-7955857eef7c'),
 ('4',null,'m140123_000000_update_widget_sort_orders','2014-05-10 01:07:33','2014-05-10 01:07:33','2014-05-10 01:07:33','563babfe-ed42-4291-8c52-0ddc6746350d'),
 ('5',null,'m140212_000000_clean_up_structures','2014-05-10 01:07:33','2014-05-10 01:07:33','2014-05-10 01:07:33','e3d2ee57-3d13-4ca9-a02d-ffa4ce7587a1'),
 ('6',null,'m140217_000000_add_missing_indexes','2014-05-10 01:07:33','2014-05-10 01:07:33','2014-05-10 01:07:33','5fc7d3e3-7a31-4b74-8d9f-8dd56acd5fec'),
 ('7',null,'m140223_000000_add_missing_element_rows','2014-05-10 01:07:33','2014-05-10 01:07:33','2014-05-10 01:07:33','d39ed6c5-859d-4f65-b3f4-1e15cec244f4'),
 ('8',null,'m140325_000000_fix_matrix_settings','2014-05-10 01:07:33','2014-05-10 01:07:33','2014-05-10 01:07:33','482d49f9-2ffa-48f2-a9db-5a0be1f52164'),
 ('9',null,'m140401_000000_assignUserPermissions_permission','2014-05-10 01:07:33','2014-05-10 01:07:33','2014-05-10 01:07:33','46f59fa3-b258-4183-a7de-852fa8c38bc7'),
 ('10',null,'m140401_000000_delete_the_deleted_files','2014-05-10 01:07:33','2014-05-10 01:07:33','2014-05-10 01:07:33','43ce7932-6de4-4036-936c-0dda0e2a262b'),
 ('11',null,'m140401_000001_structures','2014-05-10 01:07:33','2014-05-10 01:07:33','2014-05-10 01:07:33','6e1c5790-22ef-44a7-9e4e-04d52bb10198'),
 ('12',null,'m140401_000002_elements_i18n_tweaks','2014-05-10 01:07:33','2014-05-10 01:07:33','2014-05-10 01:07:33','c8346f4d-a5cc-4c61-928a-a63f3bac4cc2'),
 ('13',null,'m140401_000003_tag_groups','2014-05-10 01:07:33','2014-05-10 01:07:33','2014-05-10 01:07:33','b9494710-d81d-4bb7-8bdf-656db00dc0c7'),
 ('14',null,'m140401_000004_add_unverifiedemail_column_to_users','2014-05-10 01:07:33','2014-05-10 01:07:33','2014-05-10 01:07:33','e70d7392-301b-4ba7-83f7-3efff6eff3a0'),
 ('15',null,'m140401_000005_translatable_matrix_fields','2014-05-10 01:07:33','2014-05-10 01:07:33','2014-05-10 01:07:33','0923c081-59ec-4bbf-8485-d50bc2ac3d86'),
 ('16',null,'m140401_000006_translatable_relation_fields','2014-05-10 01:07:33','2014-05-10 01:07:33','2014-05-10 01:07:33','bb71b1b9-0352-4794-85c0-12386482e654'),
 ('17',null,'m140401_000007_add_enabledbydefault_column_to_sections_i18n','2014-05-10 01:07:33','2014-05-10 01:07:33','2014-05-10 01:07:33','6e3759b4-2e90-4bb6-b3ea-79b0d5124a85'),
 ('18',null,'m140401_000008_fullpath_to_path','2014-05-10 01:07:33','2014-05-10 01:07:33','2014-05-10 01:07:33','5fb6165d-bdcb-4ea6-8302-29daea6bff71'),
 ('19',null,'m140401_000009_asset_field_layouts','2014-05-10 01:07:33','2014-05-10 01:07:33','2014-05-10 01:07:33','1f18a53c-506a-4001-be25-0e8d8d4a472a'),
 ('20',null,'m140401_000010_no_section_default_author','2014-05-10 01:07:33','2014-05-10 01:07:33','2014-05-10 01:07:33','863e1d66-280e-4d47-b2d2-7bf1e4dcefed'),
 ('21',null,'m140401_000011_categories','2014-05-10 01:07:33','2014-05-10 01:07:33','2014-05-10 01:07:33','3fa02548-1bdf-40bc-8243-3f3a00ac06da'),
 ('22',null,'m140401_000012_templatecaches','2014-05-10 01:07:33','2014-05-10 01:07:33','2014-05-10 01:07:33','cfdf3dcd-0d64-48b2-b02d-d8269104ca61'),
 ('23',null,'m140401_000013_allow_temp_source_transforms','2014-05-10 01:07:33','2014-05-10 01:07:33','2014-05-10 01:07:33','429c41a3-f2d1-415b-95bf-fdf202359c52'),
 ('24',null,'m140401_000014_entry_title_formats','2014-05-10 01:07:33','2014-05-10 01:07:33','2014-05-10 01:07:33','b5f52032-8114-476e-8c29-119ffee631fd'),
 ('25',null,'m140401_000015_tasks','2014-05-10 01:07:33','2014-05-10 01:07:33','2014-05-10 01:07:33','52969c30-e9b1-4784-b00d-1f08f601a37b'),
 ('26',null,'m140401_000016_varchar_classes','2014-05-10 01:07:33','2014-05-10 01:07:33','2014-05-10 01:07:33','6e7d6ae7-f490-42e0-b5bb-a7c3a47c4204'),
 ('27',null,'m140401_000017_add_transform_quality','2014-05-10 01:07:33','2014-05-10 01:07:33','2014-05-10 01:07:33','62af4482-31b5-482f-9192-583b0bbb6288'),
 ('28',null,'m140401_000018_locale_routes','2014-05-10 01:07:33','2014-05-10 01:07:33','2014-05-10 01:07:33','69d0f25b-2c91-44ea-9ec5-fb9c976fc7c0'),
 ('29',null,'m140401_000019_editions','2014-05-10 01:07:33','2014-05-10 01:07:33','2014-05-10 01:07:33','10f30ba1-8b8c-4024-89f9-6b0a97a0bb84'),
 ('30',null,'m140401_000019_rackspace_auth_api','2014-05-10 01:07:33','2014-05-10 01:07:33','2014-05-10 01:07:33','e22ceb77-3f98-43f5-a86c-1db72f066bb1'),
 ('31',null,'m140401_000020_deprecationerrors_table','2014-05-10 01:07:33','2014-05-10 01:07:33','2014-05-10 01:07:33','07209f7e-f151-4fa4-b82c-3f8668d913ee'),
 ('32',null,'m140401_000021_client_user','2014-05-10 01:07:33','2014-05-10 01:07:33','2014-05-10 01:07:33','5392daa7-6ff9-4b64-b539-dfe2a4b803ea'),
 ('33',null,'m140401_100000_resave_elements','2014-05-10 01:07:33','2014-05-10 01:07:33','2014-05-10 01:07:33','6d31921e-ed40-4486-9704-97f24e0a6b41'),
 ('34',null,'m140401_100002_delete_compiled_templates','2014-05-10 01:07:33','2014-05-10 01:07:33','2014-05-10 01:07:33','d4a64204-9f38-4138-9988-6d685579822b'),
 ('35',null,'m140403_000000_allow_orphan_assets_again','2014-05-10 01:07:33','2014-05-10 01:07:33','2014-05-10 01:07:33','b8eba877-53e6-4bcd-94bb-16279d956c8d'),
 ('36',null,'m140508_000000_fix_disabled_matrix_blocks','2014-05-10 01:07:33','2014-05-10 01:07:33','2014-05-10 01:07:33','15688951-997a-40c1-9761-ed6841416b0a'),
 ('37','2','m140201_120000_sproutForms_addFormButtonSettings','2014-06-14 18:26:33','2014-06-14 18:26:33','2014-06-14 18:26:33','7f4fb16a-10de-4a47-9523-056b10151bb4'),
 ('38','2','m140225_090533_sproutForms_addFieldNotificationSubject','2014-06-14 18:26:33','2014-06-14 18:26:33','2014-06-14 18:26:33','27676609-03c4-43df-9cbb-7ada21b09146'),
 ('39','2','m140225_090534_sproutForms_addFieldNotificationReplyTo','2014-06-14 18:26:33','2014-06-14 18:26:33','2014-06-14 18:26:33','8098e3f5-16db-4502-be0e-6f8fedf1c72d'),
 ('40','2','m140226_045200_sproutForms_AddFieldSortOrder','2014-06-14 18:26:33','2014-06-14 18:26:33','2014-06-14 18:26:33','bbd046f9-1f6f-4cfb-b600-e3566a8abfed'),
 ('41','2','m140226_090140_sproutForms_addFieldSubmitButtonText','2014-06-14 18:26:33','2014-06-14 18:26:33','2014-06-14 18:26:33','ade79bd9-0a04-4b42-a316-b1836466e68a'),
 ('42','2','m140226_090140_sproutForms_addFieldSubmitButtonType','2014-06-14 18:26:33','2014-06-14 18:26:33','2014-06-14 18:26:33','ad293c6c-0d30-4220-87ae-262e5e5605a8'),
 ('43','2','m140226_120000_sproutForms_addFormRedirectUri','2014-06-14 18:26:33','2014-06-14 18:26:33','2014-06-14 18:26:33','e2a421ab-f2d8-4ec8-a4fb-06080d0ec274'),
 ('44','2','m140315_120000_sproutForms_alterContent','2014-06-14 18:26:33','2014-06-14 18:26:33','2014-06-14 18:26:33','dedd7812-3e01-4cf6-bb2e-2c158fe66508'),
 ('45','2','m140328_235959_sproutForms_alterContent','2014-06-14 18:26:33','2014-06-14 18:26:33','2014-06-14 18:26:33','4bb46ffe-99c5-4daf-9c8d-d20b989632ad');

CREATE TABLE `craft_plugins` (
  `id` int(11) NOT NULL AUTO_INCREMENT,
  `class` varchar(150) COLLATE utf8_unicode_ci NOT NULL,
  `version` char(15) COLLATE utf8_unicode_ci NOT NULL,
  `enabled` tinyint(1) unsigned NOT NULL DEFAULT '0',
  `settings` text COLLATE utf8_unicode_ci,
  `installDate` datetime NOT NULL,
  `dateCreated` datetime NOT NULL,
  `dateUpdated` datetime NOT NULL,
  `uid` char(36) COLLATE utf8_unicode_ci NOT NULL DEFAULT '0',
  PRIMARY KEY (`id`)
) ENGINE=InnoDB AUTO_INCREMENT=3 DEFAULT CHARSET=utf8 COLLATE=utf8_unicode_ci;

insert into `craft_plugins` values('1','SproutActive','0.6.0','1',null,'2014-06-14 18:26:28','2014-06-14 18:26:28','2014-06-14 18:26:28','3a55ba07-3b70-4f64-8359-6c7626f043b9'),
 ('2','SproutForms','0.7.1','1',null,'2014-06-14 18:26:32','2014-06-14 18:26:32','2014-06-14 18:26:32','9582ce54-9cad-4e79-9867-5d9513147e16');

CREATE TABLE `craft_rackspaceaccess` (
  `id` int(11) NOT NULL AUTO_INCREMENT,
  `connectionKey` varchar(255) COLLATE utf8_unicode_ci NOT NULL,
  `token` varchar(255) COLLATE utf8_unicode_ci NOT NULL,
  `storageUrl` varchar(255) COLLATE utf8_unicode_ci NOT NULL,
  `cdnUrl` varchar(255) COLLATE utf8_unicode_ci NOT NULL,
  `dateCreated` datetime NOT NULL,
  `dateUpdated` datetime NOT NULL,
  `uid` char(36) COLLATE utf8_unicode_ci NOT NULL DEFAULT '0',
  PRIMARY KEY (`id`),
  UNIQUE KEY `craft_rackspaceaccess_connectionKey_unq_idx` (`connectionKey`)
) ENGINE=InnoDB DEFAULT CHARSET=utf8 COLLATE=utf8_unicode_ci;


CREATE TABLE `craft_relations` (
  `id` int(11) NOT NULL AUTO_INCREMENT,
  `fieldId` int(11) NOT NULL,
  `sourceId` int(11) NOT NULL,
  `sourceLocale` char(12) COLLATE utf8_unicode_ci DEFAULT NULL,
  `targetId` int(11) NOT NULL,
  `sortOrder` tinyint(4) DEFAULT NULL,
  `dateCreated` datetime NOT NULL,
  `dateUpdated` datetime NOT NULL,
  `uid` char(36) COLLATE utf8_unicode_ci NOT NULL DEFAULT '0',
  PRIMARY KEY (`id`),
  UNIQUE KEY `craft_relations_fieldId_sourceId_sourceLocale_targetId_unq_idx` (`fieldId`,`sourceId`,`sourceLocale`,`targetId`),
  KEY `craft_relations_sourceId_fk` (`sourceId`),
  KEY `craft_relations_sourceLocale_fk` (`sourceLocale`),
  KEY `craft_relations_targetId_fk` (`targetId`),
  CONSTRAINT `craft_relations_fieldId_fk` FOREIGN KEY (`fieldId`) REFERENCES `craft_fields` (`id`) ON DELETE CASCADE,
  CONSTRAINT `craft_relations_sourceId_fk` FOREIGN KEY (`sourceId`) REFERENCES `craft_elements` (`id`) ON DELETE CASCADE,
  CONSTRAINT `craft_relations_sourceLocale_fk` FOREIGN KEY (`sourceLocale`) REFERENCES `craft_locales` (`locale`) ON DELETE CASCADE ON UPDATE CASCADE,
  CONSTRAINT `craft_relations_targetId_fk` FOREIGN KEY (`targetId`) REFERENCES `craft_elements` (`id`) ON DELETE CASCADE
) ENGINE=InnoDB AUTO_INCREMENT=333 DEFAULT CHARSET=utf8 COLLATE=utf8_unicode_ci;

insert into `craft_relations` values('3','19','6',null,'9','1','2014-06-06 00:08:28','2014-06-06 00:08:28','e4bed551-0d51-4783-b866-a58693673388'),
 ('4','19','7',null,'9','1','2014-06-06 00:08:37','2014-06-06 00:08:37','c2d96389-4310-4aa4-b814-e960f9ef63b4'),
 ('5','19','8',null,'9','1','2014-06-06 00:08:50','2014-06-06 00:08:50','dfa070bd-e8fa-4a23-a6f7-007b85e83851'),
 ('14','26','12',null,'10','1','2014-06-06 00:59:28','2014-06-06 00:59:28','419672c3-4523-4270-b2fb-c6c8fa8904f3'),
 ('15','26','11',null,'10','1','2014-06-06 00:59:51','2014-06-06 00:59:51','e7d4a046-d5af-46cb-8aa1-453a09a16725'),
 ('16','32','17',null,'16','1','2014-06-06 04:01:51','2014-06-06 04:01:51','83154674-b51f-4b37-9d5e-5386816d30e5'),
 ('17','32','18',null,'16','1','2014-06-06 04:02:34','2014-06-06 04:02:34','55d621f0-7d9b-4749-b6d3-4fe2cbc6b2c5'),
 ('20','32','21',null,'16','1','2014-06-06 04:07:49','2014-06-06 04:07:49','db97f005-8c19-452c-a08b-b2ddabe0bb40'),
 ('21','32','20',null,'16','1','2014-06-06 04:07:59','2014-06-06 04:07:59','2a371bfe-49f3-43d4-947e-f425732311ca'),
 ('22','32','22',null,'16','1','2014-06-06 04:08:32','2014-06-06 04:08:32','cb442679-2eda-4be9-95d1-bef69d2fb537'),
 ('269','44','50',null,'37','1','2014-06-11 01:45:48','2014-06-11 01:45:48','2c17efa8-5801-4ba4-810b-714492408fca'),
 ('270','44','49',null,'28','1','2014-06-11 01:45:48','2014-06-11 01:45:48','3a95e209-0dfe-4fc4-a1d2-a21a45c3fa59'),
 ('271','44','51',null,'42','1','2014-06-11 01:45:48','2014-06-11 01:45:48','15a36471-923d-4988-99a5-6e345ac13ff7'),
 ('276','32','19',null,'16','1','2014-06-14 19:15:34','2014-06-14 19:15:34','35707bf9-e2c3-4b1d-b8a3-7591d18ae9c4'),
 ('304','44','29',null,'36','1','2014-06-17 22:02:18','2014-06-17 22:02:18','9cae8ae6-276d-4bd7-824c-5f6295e898e7'),
 ('305','44','30',null,'37','1','2014-06-17 22:02:18','2014-06-17 22:02:18','9303b6cb-e1af-455a-94d9-3e34c2854c72'),
 ('306','44','31',null,'38','1','2014-06-17 22:02:18','2014-06-17 22:02:18','0fb7a79a-5321-4269-9432-d5e52fb3276d'),
 ('307','44','43',null,'39','1','2014-06-17 22:02:18','2014-06-17 22:02:18','8c22aae8-20a3-49ae-b99d-ca4b1ce9a843'),
 ('308','44','44',null,'40','1','2014-06-17 22:02:18','2014-06-17 22:02:18','9c4577ac-9c4e-49e5-add5-a631bfaa3218'),
 ('309','44','45',null,'41','1','2014-06-17 22:02:18','2014-06-17 22:02:18','656990fe-a3cc-4ddd-96a7-ab60ba36a585'),
 ('310','44','46',null,'42','1','2014-06-17 22:02:18','2014-06-17 22:02:18','45ab071d-8984-426e-bb9e-cc3673622dd2'),
 ('311','41','26',null,'36','1','2014-06-17 22:02:18','2014-06-17 22:02:18','aac75cf2-2524-4623-9b31-e06611be5cfc'),
 ('312','42','26',null,'24','1','2014-06-17 22:02:18','2014-06-17 22:02:18','8fb97b33-8c32-4055-8170-6e0366f39866'),
 ('328','58','60',null,'16','1','2014-06-18 23:05:17','2014-06-18 23:05:17','92816adb-dcae-4f57-9011-ed23093a9e02'),
 ('329','59','60',null,'26','1','2014-06-18 23:05:17','2014-06-18 23:05:17','8a06d70c-1c7f-43d9-b7b4-f5c6e5666444'),
 ('332','58','55',null,'16','1','2014-06-19 00:59:46','2014-06-19 00:59:46','da41bedf-665c-4861-8241-a7cb15b4091d');

CREATE TABLE `craft_routes` (
  `id` int(11) NOT NULL AUTO_INCREMENT,
  `locale` char(12) COLLATE utf8_unicode_ci DEFAULT NULL,
  `urlParts` varchar(255) COLLATE utf8_unicode_ci NOT NULL,
  `urlPattern` varchar(255) COLLATE utf8_unicode_ci NOT NULL,
  `template` varchar(255) COLLATE utf8_unicode_ci NOT NULL,
  `sortOrder` tinyint(4) DEFAULT NULL,
  `dateCreated` datetime NOT NULL,
  `dateUpdated` datetime NOT NULL,
  `uid` char(36) COLLATE utf8_unicode_ci NOT NULL DEFAULT '0',
  PRIMARY KEY (`id`),
  UNIQUE KEY `craft_routes_urlPattern_unq_idx` (`urlPattern`),
  KEY `craft_routes_locale_idx` (`locale`),
  CONSTRAINT `craft_routes_locale_fk` FOREIGN KEY (`locale`) REFERENCES `craft_locales` (`locale`) ON DELETE CASCADE ON UPDATE CASCADE
) ENGINE=InnoDB AUTO_INCREMENT=3 DEFAULT CHARSET=utf8 COLLATE=utf8_unicode_ci;

insert into `craft_routes` values('1',null,'[\"practice\\/\",[\"slug\",\"[^\\\\\\/]+\"]]','practice\\/(?P<slug>[^\\/]+)','pages/_entry','2','2014-06-14 18:59:09','2014-06-18 22:43:27','1164b361-7ef8-429e-af31-93fc81c3e743'),
 ('2',null,'[\"practice\\/awards\"]','practice\\/awards','awards/','1','2014-06-18 22:34:00','2014-06-18 22:43:27','1d0cfa05-c50b-4b7f-8d6e-9cb0a13bae4f');

CREATE TABLE `craft_searchindex` (
  `elementId` int(11) NOT NULL,
  `attribute` varchar(25) COLLATE utf8_unicode_ci NOT NULL,
  `fieldId` int(11) NOT NULL,
  `locale` char(12) COLLATE utf8_unicode_ci NOT NULL,
  `keywords` text COLLATE utf8_unicode_ci NOT NULL,
  PRIMARY KEY (`elementId`,`attribute`,`fieldId`,`locale`),
  FULLTEXT KEY `craft_searchindex_keywords_idx` (`keywords`)
) ENGINE=MyISAM DEFAULT CHARSET=utf8 COLLATE=utf8_unicode_ci;

insert into `craft_searchindex` values('1','username','0','en_us',' ryanbelisle '),
 ('1','firstname','0','en_us',' ryan '),
 ('1','lastname','0','en_us',' belisle '),
 ('1','fullname','0','en_us',' ryan belisle '),
 ('1','email','0','en_us',' ryan ryanbelisle com '),
 ('1','slug','0','en_us',''),
 ('2','field','1','en_us',' welcome to corben dev '),
 ('2','field','2','en_us',' it s true this site doesn t have a whole lot of content yet but don t worry our web developers have just installed the cms and they re setting things up for the content editors this very moment soon corben dev will be an oasis of fresh perspectives sharp analyses and astute opinions that will keep you coming back again and again '),
 ('2','slug','0','en_us',' homepage '),
 ('2','title','0','en_us',' homepage '),
 ('3','field','2','en_us',' craft is the cms that s powering corben dev it s beautiful powerful flexible and easy to use and it s made by pixel tonic we can t wait to dive in and see what it s capable of this is even more captivating content which you couldn t see on the news index page because it was entered after a page break and the news index template only likes to show the content on the first page craft a nice alternative to word if you re making a website '),
 ('3','field','3','en_us',''),
 ('3','slug','0','en_us',''),
 ('3','title','0','en_us',' we just installed craft '),
 ('4','username','0','en_us',' corbenarch '),
 ('4','firstname','0','en_us',' janelle '),
 ('4','lastname','0','en_us',' alexander '),
 ('4','fullname','0','en_us',' janelle alexander '),
 ('4','email','0','en_us',' corbenoffice gmail com '),
 ('4','slug','0','en_us',''),
 ('6','slug','0','en_us',' ryan belisle '),
 ('5','field','10','en_us',' place '),
 ('5','field','4','en_us',' suite 14 40 yeo st neutral bay nsw 2089 '),
 ('5','field','7','en_us',' mailxa corben com au '),
 ('5','field','6','en_us',' 61 02 9904 1855 '),
 ('5','field','5','en_us',' 61 02 9904 1844 '),
 ('5','field','9','en_us',' lorem ipsum dolor sit amet consectetur adipisicing elit minus sequi voluptatem voluptatum perspiciatis sed consequatur assumenda ratione id dolor alias provident rem modi deserunt odit laboriosam pariatur exercitationem atque quo '),
 ('5','field','8','en_us',''),
 ('5','slug','0','en_us',' place '),
 ('5','title','0','en_us',' place '),
 ('5','field','11','en_us',' contact details '),
 ('5','field','12','en_us',' how to find us '),
 ('5','field','13','en_us',' email us '),
 ('6','field','19','en_us',' employee photo 480x320 '),
 ('6','field','14','en_us',' ryan '),
 ('6','field','15','en_us',' belisle '),
 ('6','field','16','en_us',' this is my title '),
 ('6','field','17','en_us',' these are my credentials '),
 ('6','field','18','en_us',' lorem ipsum dolor sit amet consectetur adipiscing elit aenean eu leo quam pellentesque ornare sem lacinia quam venenatis vestibulum cum sociis natoque penatibus et magnis dis parturient montes nascetur ridiculus mus nullam id dolor id nibh ultricies vehicula ut id elit lorem ipsum dolor sit amet consectetur adipiscing elit cum sociis natoque penatibus et magnis dis parturient montes nascetur ridiculus mus integer posuere erat a ante venenatis dapibus posuere velit aliquet '),
 ('6','field','20','en_us',' director '),
 ('6','field','21','en_us',' true '),
 ('6','title','0','en_us',' ryan belisle '),
 ('7','field','19','en_us',''),
 ('7','field','14','en_us',' director '),
 ('7','field','15','en_us',' lastname '),
 ('7','field','16','en_us',' title '),
 ('7','field','17','en_us',' credentials '),
 ('7','field','18','en_us',' donec sed odio dui lorem ipsum dolor sit amet consectetur adipiscing elit nullam id dolor id nibh ultricies vehicula ut id elit fusce dapibus tellus ac cursus commodo tortor mauris condimentum nibh ut fermentum massa justo sit amet risus donec ullamcorper nulla non metus auctor fringilla '),
 ('7','field','20','en_us',' staff '),
 ('7','field','21','en_us',' true '),
 ('7','slug','0','en_us',' first last '),
 ('7','title','0','en_us',' director lastname '),
 ('8','field','19','en_us',''),
 ('8','field','14','en_us',' staff '),
 ('8','field','15','en_us',' lastname '),
 ('8','field','16','en_us',' title '),
 ('8','field','17','en_us',' credentials '),
 ('8','field','18','en_us',' donec sed odio dui lorem ipsum dolor sit amet consectetur adipiscing elit nullam id dolor id nibh ultricies vehicula ut id elit fusce dapibus tellus ac cursus commodo tortor mauris condimentum nibh ut fermentum massa justo sit amet risus donec ullamcorper nulla non metus auctor fringilla '),
 ('8','field','20','en_us',' staff '),
 ('8','field','21','en_us',''),
 ('8','slug','0','en_us',' staff lastname '),
 ('8','title','0','en_us',' staff lastname '),
 ('9','filename','0','en_us',' employee photo 480x320 gif '),
 ('9','extension','0','en_us',' gif '),
 ('9','kind','0','en_us',' image '),
 ('9','slug','0','en_us',' employee photo 480x320 '),
 ('9','title','0','en_us',' employee photo 480x320 '),
 ('10','field','25','en_us',' news post two image '),
 ('10','filename','0','en_us',' news post 1470x830 gif '),
 ('10','extension','0','en_us',' gif '),
 ('10','kind','0','en_us',' image '),
 ('10','slug','0','en_us',' news post 1470x830 '),
 ('10','title','0','en_us',' news post 1470x830 '),
 ('11','field','26','en_us',' news post 1470x830 '),
 ('11','field','23','en_us',' post intro etiam porta sem malesuada magna mollis euismod morbi leo risus porta ac consectetur ac vestibulum at eros cras justo odio dapibus ac facilisis in egestas eget quam nulla vitae elit libero a pharetra augue '),
 ('11','field','22','en_us',' post body lorem ipsum dolor sit amet consectetur adipiscing elit curabitur blandit tempus porttitor maecenas faucibus mollis interdum sed posuere consectetur est at lobortis maecenas faucibus mollis interdum aenean lacinia bibendum nulla sed consectetur integer posuere erat a ante venenatis dapibus posuere velit aliquet donec ullamcorper nulla non metus auctor fringilla morbi leo risus porta ac consectetur ac vestibulum at eros fusce dapibus tellus ac cursus commodo tortor mauris condimentum nibh ut fermentum massa justo sit amet risus vestibulum id ligula porta felis euismod semper cum sociis natoque penatibus et magnis dis parturient montes nascetur ridiculus mus etiam porta sem malesuada magna mollis euismod morbi leo risus porta ac consectetur ac vestibulum at eros nullam quis risus eget urna mollis ornare vel eu leo maecenas faucibus mollis interdum cras justo odio dapibus ac facilisis in egestas eget quam cras mattis consectetur purus sit amet fermentum donec sed odio dui cras mattis consectetur purus sit amet fermentum integer posuere erat a ante venenatis dapibus posuere velit aliquet donec id elit non mi porta gravida at eget metus donec id elit non mi porta gravida at eget metus nulla vitae elit libero a pharetra augue '),
 ('11','field','24','en_us',' true '),
 ('11','slug','0','en_us',' this is the news post one title '),
 ('11','title','0','en_us',' this is the news post one title '),
 ('12','field','26','en_us',' news post 1470x830 '),
 ('12','field','23','en_us',' post intro lorem ipsum dolor sit amet consectetur adipiscing elit vivamus sagittis lacus vel augue laoreet rutrum faucibus dolor auctor donec id elit non mi porta gravida at eget metus donec sed odio dui vestibulum id ligula porta felis euismod semper sed posuere consectetur est at lobortis duis mollis est non commodo luctus nisi erat porttitor ligula eget lacinia odio sem nec elit curabitur blandit tempus porttitor etiam porta sem malesuada magna mollis euismod praesent commodo cursus magna vel scelerisque nisl consectetur et nulla vitae elit libero a pharetra augue '),
 ('12','field','22','en_us',' post body lorem ipsum dolor sit amet consectetur adipiscing elit vivamus sagittis lacus vel augue laoreet rutrum faucibus dolor auctor donec id elit non mi porta gravida at eget metus donec sed odio dui vestibulum id ligula porta felis euismod semper sed posuere consectetur est at lobortis duis mollis est non commodo luctus nisi erat porttitor ligula eget lacinia odio sem nec elit curabitur blandit tempus porttitor etiam porta sem malesuada magna mollis euismod praesent commodo cursus magna vel scelerisque nisl consectetur et nulla vitae elit libero a pharetra augue lorem ipsum dolor sit amet consectetur adipiscing elit vivamus sagittis lacus vel augue laoreet rutrum faucibus dolor auctor donec id elit non mi porta gravida at eget metus donec sed odio dui vestibulum id ligula porta felis euismod semper sed posuere consectetur est at lobortis duis mollis est non commodo luctus nisi erat porttitor ligula eget lacinia odio sem nec elit curabitur blandit tempus porttitor etiam porta sem malesuada magna mollis euismod praesent commodo cursus magna vel scelerisque nisl consectetur et nulla vitae elit libero a pharetra augue lorem ipsum dolor sit amet consectetur adipiscing elit vivamus sagittis lacus vel augue laoreet rutrum faucibus dolor auctor donec id elit non mi porta gravida at eget metus donec sed odio dui vestibulum id ligula porta felis euismod semper sed posuere consectetur est at lobortis duis mollis est non commodo luctus nisi erat porttitor ligula eget lacinia odio sem nec elit curabitur blandit tempus porttitor etiam porta sem malesuada magna mollis euismod praesent commodo cursus magna vel scelerisque nisl consectetur et nulla vitae elit libero a pharetra augue lorem ipsum dolor sit amet consectetur adipiscing elit vivamus sagittis lacus vel augue laoreet rutrum faucibus dolor auctor donec id elit non mi porta gravida at eget metus donec sed odio dui vestibulum id ligula porta felis euismod semper sed posuere consectetur est at lobortis duis mollis est non commodo luctus nisi erat porttitor ligula eget lacinia odio sem nec elit curabitur blandit tempus porttitor etiam porta sem malesuada magna mollis euismod praesent commodo cursus magna vel scelerisque nisl consectetur et nulla vitae elit libero a pharetra augue lorem ipsum dolor sit amet consectetur adipiscing elit vivamus sagittis lacus vel augue laoreet rutrum faucibus dolor auctor donec id elit non mi porta gravida at eget metus donec sed odio dui vestibulum id ligula porta felis euismod semper sed posuere consectetur est at lobortis duis mollis est non commodo luctus nisi erat porttitor ligula eget lacinia odio sem nec elit curabitur blandit tempus porttitor etiam porta sem malesuada magna mollis euismod praesent commodo cursus magna vel scelerisque nisl consectetur et nulla vitae elit libero a pharetra augue lorem ipsum dolor sit amet consectetur adipiscing elit vivamus sagittis lacus vel augue laoreet rutrum faucibus dolor auctor donec id elit non mi porta gravida at eget metus donec sed odio dui vestibulum id ligula porta felis euismod semper sed posuere consectetur est at lobortis duis mollis est non commodo luctus nisi erat porttitor ligula eget lacinia odio sem nec elit curabitur blandit tempus porttitor etiam porta sem malesuada magna mollis euismod praesent commodo cursus magna vel scelerisque nisl consectetur et nulla vitae elit libero a pharetra augue lorem ipsum dolor sit amet consectetur adipiscing elit vivamus sagittis lacus vel augue laoreet rutrum faucibus dolor auctor donec id elit non mi porta gravida at eget metus donec sed odio dui vestibulum id ligula porta felis euismod semper sed posuere consectetur est at lobortis duis mollis est non commodo luctus nisi erat porttitor ligula eget lacinia odio sem nec elit curabitur blandit tempus porttitor etiam porta sem malesuada magna mollis euismod praesent commodo cursus magna vel scelerisque nisl consectetur et nulla vitae elit libero a pharetra augue '),
 ('12','field','24','en_us',''),
 ('12','slug','0','en_us',' news post two title intro hidden on post page '),
 ('12','title','0','en_us',' news post two title '),
 ('13','slug','0','en_us',''),
 ('13','field','28','en_us',' fa facebook facebook http facebook com fa pinterest pinterest http pinterest com '),
 ('13','field','27','en_us',' now year corben architects '),
 ('14','field','29','en_us',' facebook '),
 ('14','field','30','en_us',' http facebook com '),
 ('14','field','31','en_us',' fa facebook '),
 ('14','slug','0','en_us',''),
 ('15','field','29','en_us',' pinterest '),
 ('15','field','30','en_us',' http pinterest com '),
 ('15','field','31','en_us',' fa pinterest '),
 ('15','slug','0','en_us',''),
 ('16','field','25','en_us',' fees photo '),
 ('16','filename','0','en_us',' page img 1050x700 gif '),
 ('16','extension','0','en_us',' gif '),
 ('16','kind','0','en_us',' image '),
 ('16','slug','0','en_us',' page img 1050x700 '),
 ('16','title','0','en_us',' page img 1050x700 '),
 ('17','field','32','en_us',''),
 ('17','field','2','en_us',' disclaimer heading maecenas faucibus mollis interdum nullam id dolor id nibh ultricies vehicula ut id elit vivamus sagittis lacus vel augue laoreet rutrum faucibus dolor auctor donec sed odio dui donec sed odio dui morbi leo risus porta ac consectetur ac vestibulum at eros curabitur blandit tempus porttitor sed posuere consectetur est at lobortis aenean lacinia bibendum nulla sed consectetur nullam quis risus eget urna mollis ornare vel eu leo nulla vitae elit libero a pharetra augue etiam porta sem malesuada magna mollis euismod aenean eu leo quam pellentesque ornare sem lacinia quam venenatis vestibulum sed posuere consectetur est at lobortis curabitur blandit tempus porttitor nullam id dolor id nibh ultricies vehicula ut id elit vestibulum id ligula porta felis euismod semper nullam quis risus eget urna mollis ornare vel eu leo maecenas faucibus mollis interdum integer posuere erat a ante venenatis dapibus posuere velit aliquet aenean eu leo quam pellentesque ornare sem lacinia quam venenatis vestibulum donec sed odio dui maecenas sed diam eget risus varius blandit sit amet non magna aenean eu leo quam pellentesque ornare sem lacinia quam venenatis vestibulum nulla vitae elit libero a pharetra augue curabitur blandit tempus porttitor '),
 ('17','slug','0','en_us',' disclaimer '),
 ('17','title','0','en_us',' disclaimer '),
 ('19','field','32','en_us',' page img 1050x700 '),
 ('18','field','32','en_us',''),
 ('18','field','2','en_us',' privacy policy header maecenas faucibus mollis interdum nullam id dolor id nibh ultricies vehicula ut id elit vivamus sagittis lacus vel augue laoreet rutrum faucibus dolor auctor donec sed odio dui donec sed odio dui morbi leo risus porta ac consectetur ac vestibulum at eros curabitur blandit tempus porttitor sed posuere consectetur est at lobortis aenean lacinia bibendum nulla sed consectetur nullam quis risus eget urna mollis ornare vel eu leo nulla vitae elit libero a pharetra augue etiam porta sem malesuada magna mollis euismod aenean eu leo quam pellentesque ornare sem lacinia quam venenatis vestibulum sed posuere consectetur est at lobortis curabitur blandit tempus porttitor nullam id dolor id nibh ultricies vehicula ut id elit vestibulum id ligula porta felis euismod semper nullam quis risus eget urna mollis ornare vel eu leo maecenas faucibus mollis interdum integer posuere erat a ante venenatis dapibus posuere velit aliquet aenean eu leo quam pellentesque ornare sem lacinia quam venenatis vestibulum donec sed odio dui maecenas sed diam eget risus varius blandit sit amet non magna aenean eu leo quam pellentesque ornare sem lacinia quam venenatis vestibulum nulla vitae elit libero a pharetra augue curabitur blandit tempus porttitor '),
 ('18','slug','0','en_us',' privacy policy '),
 ('18','title','0','en_us',' privacy policy '),
 ('19','field','2','en_us',' about header maecenas faucibus mollis interdum nullam id dolor id nibh ultricies vehicula ut id elit vivamus sagittis lacus vel augue laoreet rutrum faucibus dolor auctor donec sed odio dui donec sed odio dui morbi leo risus porta ac consectetur ac vestibulum at eros curabitur blandit tempus porttitor sed posuere consectetur est at lobortis aenean lacinia bibendum nulla sed consectetur nullam quis risus eget urna mollis ornare vel eu leo nulla vitae elit libero a pharetra augue etiam porta sem malesuada magna mollis euismod aenean eu leo quam pellentesque ornare sem lacinia quam venenatis vestibulum sed posuere consectetur est at lobortis curabitur blandit tempus porttitor nullam id dolor id nibh ultricies vehicula ut id elit vestibulum id ligula porta felis euismod semper nullam quis risus eget urna mollis ornare vel eu leo maecenas faucibus mollis interdum integer posuere erat a ante venenatis dapibus posuere velit aliquet aenean eu leo quam pellentesque ornare sem lacinia quam venenatis vestibulum donec sed odio dui maecenas sed diam eget risus varius blandit sit amet non magna aenean eu leo quam pellentesque ornare sem lacinia quam venenatis vestibulum nulla vitae elit libero a pharetra augue curabitur blandit tempus porttitor '),
 ('19','slug','0','en_us',' about '),
 ('19','title','0','en_us',' about '),
 ('20','field','32','en_us',' page img 1050x700 '),
 ('20','field','2','en_us',' architecture heading maecenas faucibus mollis interdum nullam id dolor id nibh ultricies vehicula ut id elit vivamus sagittis lacus vel augue laoreet rutrum faucibus dolor auctor donec sed odio dui donec sed odio dui morbi leo risus porta ac consectetur ac vestibulum at eros curabitur blandit tempus porttitor sed posuere consectetur est at lobortis aenean lacinia bibendum nulla sed consectetur nullam quis risus eget urna mollis ornare vel eu leo nulla vitae elit libero a pharetra augue etiam porta sem malesuada magna mollis euismod aenean eu leo quam pellentesque ornare sem lacinia quam venenatis vestibulum sed posuere consectetur est at lobortis curabitur blandit tempus porttitor nullam id dolor id nibh ultricies vehicula ut id elit vestibulum id ligula porta felis euismod semper nullam quis risus eget urna mollis ornare vel eu leo maecenas faucibus mollis interdum integer posuere erat a ante venenatis dapibus posuere velit aliquet aenean eu leo quam pellentesque ornare sem lacinia quam venenatis vestibulum donec sed odio dui maecenas sed diam eget risus varius blandit sit amet non magna aenean eu leo quam pellentesque ornare sem lacinia quam venenatis vestibulum nulla vitae elit libero a pharetra augue curabitur blandit tempus porttitor '),
 ('20','slug','0','en_us',' architecture '),
 ('20','title','0','en_us',' architecture '),
 ('21','field','32','en_us',''),
 ('21','field','2','en_us',' service heading maecenas faucibus mollis interdum nullam id dolor id nibh ultricies vehicula ut id elit vivamus sagittis lacus vel augue laoreet rutrum faucibus dolor auctor donec sed odio dui donec sed odio dui morbi leo risus porta ac consectetur ac vestibulum at eros curabitur blandit tempus porttitor sed posuere consectetur est at lobortis aenean lacinia bibendum nulla sed consectetur nullam quis risus eget urna mollis ornare vel eu leo nulla vitae elit libero a pharetra augue etiam porta sem malesuada magna mollis euismod aenean eu leo quam pellentesque ornare sem lacinia quam venenatis vestibulum sed posuere consectetur est at lobortis curabitur blandit tempus porttitor nullam id dolor id nibh ultricies vehicula ut id elit vestibulum id ligula porta felis euismod semper nullam quis risus eget urna mollis ornare vel eu leo maecenas faucibus mollis interdum integer posuere erat a ante venenatis dapibus posuere velit aliquet aenean eu leo quam pellentesque ornare sem lacinia quam venenatis vestibulum donec sed odio dui maecenas sed diam eget risus varius blandit sit amet non magna aenean eu leo quam pellentesque ornare sem lacinia quam venenatis vestibulum nulla vitae elit libero a pharetra augue curabitur blandit tempus porttitor '),
 ('21','slug','0','en_us',' service '),
 ('21','title','0','en_us',' service '),
 ('22','field','32','en_us',''),
 ('22','field','2','en_us',' fees heading maecenas faucibus mollis interdum nullam id dolor id nibh ultricies vehicula ut id elit vivamus sagittis lacus vel augue laoreet rutrum faucibus dolor auctor donec sed odio dui donec sed odio dui morbi leo risus porta ac consectetur ac vestibulum at eros curabitur blandit tempus porttitor sed posuere consectetur est at lobortis aenean lacinia bibendum nulla sed consectetur nullam quis risus eget urna mollis ornare vel eu leo nulla vitae elit libero a pharetra augue etiam porta sem malesuada magna mollis euismod aenean eu leo quam pellentesque ornare sem lacinia quam venenatis vestibulum sed posuere consectetur est at lobortis curabitur blandit tempus porttitor nullam id dolor id nibh ultricies vehicula ut id elit vestibulum id ligula porta felis euismod semper nullam quis risus eget urna mollis ornare vel eu leo maecenas faucibus mollis interdum integer posuere erat a ante venenatis dapibus posuere velit aliquet aenean eu leo quam pellentesque ornare sem lacinia quam venenatis vestibulum donec sed odio dui maecenas sed diam eget risus varius blandit sit amet non magna aenean eu leo quam pellentesque ornare sem lacinia quam venenatis vestibulum nulla vitae elit libero a pharetra augue curabitur blandit tempus porttitor '),
 ('22','slug','0','en_us',' fees '),
 ('22','title','0','en_us',' fees '),
 ('23','field','32','en_us',' page img 1050x700 '),
 ('23','field','2','en_us',' awards coming soon '),
 ('23','slug','0','en_us',' awards '),
 ('23','title','0','en_us',' awards '),
 ('24','slug','0','en_us',''),
 ('24','title','0','en_us',' new houses '),
 ('25','slug','0','en_us',''),
 ('25','title','0','en_us',' in progress '),
 ('26','field','34','en_us',' hopetoun avenue house '),
 ('26','field','41','en_us',' hopetounave thumb '),
 ('26','field','43','en_us',' slide one hometounave slide 1 slide two hometounave slide 2 hometounave slide 3 hometounave slide 4 hometounave slide 5 hometounave slide 6 hometounave slide 7 '),
 ('26','field','42','en_us',' new houses '),
 ('26','field','35','en_us',' n a '),
 ('26','field','33','en_us',' located on a steep site this modern 5 level home was designed to maximize the views and take advantage of its northern orientation the building s form combines horizontal bands of rendered masonry which are complimented by a vertical double height glazed entry volume the large skillion roof completes the building providing shade to the outdoor terraces '),
 ('26','field','36','en_us',' 2006 '),
 ('26','field','37','en_us',' sf hough pty ltd '),
 ('26','field','38','en_us',''),
 ('26','field','39','en_us',''),
 ('26','field','40','en_us',''),
 ('26','field','46','en_us',' showsuburb showcompleted showbuilder showarea showphotographer '),
 ('26','field','47','en_us',' showsuburb '),
 ('26','slug','0','en_us',' hopetoun avenue house '),
 ('26','title','0','en_us',' hopetoun avenue house '),
 ('49','field','44','en_us',' project slide 1470x830 '),
 ('27','filename','0','en_us',' project thumb 480x320 gif '),
 ('27','extension','0','en_us',' gif '),
 ('27','kind','0','en_us',' image '),
 ('27','slug','0','en_us',' project thumb 480x320 '),
 ('27','title','0','en_us',' project thumb 480x320 '),
 ('28','filename','0','en_us',' project slide 1470x830 gif '),
 ('28','extension','0','en_us',' gif '),
 ('28','kind','0','en_us',' image '),
 ('28','slug','0','en_us',''),
 ('28','title','0','en_us',' project slide 1470x830 '),
 ('29','field','44','en_us',' hometounave slide 1 '),
 ('29','field','45','en_us',' slide one '),
 ('29','slug','0','en_us',''),
 ('30','field','44','en_us',' hometounave slide 2 '),
 ('30','field','45','en_us',' slide two '),
 ('30','slug','0','en_us',''),
 ('31','field','44','en_us',' hometounave slide 3 '),
 ('31','field','45','en_us',''),
 ('31','slug','0','en_us',''),
 ('32','slug','0','en_us',''),
 ('32','title','0','en_us',' apartments '),
 ('33','slug','0','en_us',''),
 ('33','title','0','en_us',' commercial '),
 ('34','slug','0','en_us',''),
 ('34','title','0','en_us',' alterations additions '),
 ('35','filename','0','en_us',' hopetounave thumb jpg '),
 ('35','extension','0','en_us',' jpg '),
 ('35','kind','0','en_us',' image '),
 ('35','slug','0','en_us',''),
 ('35','title','0','en_us',' hopetounave thumb '),
 ('36','filename','0','en_us',' hometounave slide 1 jpg '),
 ('36','extension','0','en_us',' jpg '),
 ('36','kind','0','en_us',' image '),
 ('36','slug','0','en_us',''),
 ('36','title','0','en_us',' hometounave slide 1 '),
 ('37','filename','0','en_us',' hometounave slide 2 jpg '),
 ('37','extension','0','en_us',' jpg '),
 ('37','kind','0','en_us',' image '),
 ('37','slug','0','en_us',''),
 ('37','title','0','en_us',' hometounave slide 2 '),
 ('38','filename','0','en_us',' hometounave slide 3 jpg '),
 ('38','extension','0','en_us',' jpg '),
 ('38','kind','0','en_us',' image '),
 ('38','slug','0','en_us',''),
 ('38','title','0','en_us',' hometounave slide 3 '),
 ('39','filename','0','en_us',' hometounave slide 4 jpg '),
 ('39','extension','0','en_us',' jpg '),
 ('39','kind','0','en_us',' image '),
 ('39','slug','0','en_us',''),
 ('39','title','0','en_us',' hometounave slide 4 '),
 ('40','filename','0','en_us',' hometounave slide 5 jpg '),
 ('40','extension','0','en_us',' jpg '),
 ('40','kind','0','en_us',' image '),
 ('40','slug','0','en_us',''),
 ('40','title','0','en_us',' hometounave slide 5 '),
 ('41','filename','0','en_us',' hometounave slide 6 jpg '),
 ('41','extension','0','en_us',' jpg '),
 ('41','kind','0','en_us',' image '),
 ('41','slug','0','en_us',''),
 ('41','title','0','en_us',' hometounave slide 6 '),
 ('42','filename','0','en_us',' hometounave slide 7 jpg '),
 ('42','extension','0','en_us',' jpg '),
 ('42','kind','0','en_us',' image '),
 ('42','slug','0','en_us',''),
 ('42','title','0','en_us',' hometounave slide 7 '),
 ('43','field','44','en_us',' hometounave slide 4 '),
 ('43','field','45','en_us',''),
 ('43','slug','0','en_us',''),
 ('44','field','44','en_us',' hometounave slide 5 '),
 ('44','field','45','en_us',''),
 ('44','slug','0','en_us',''),
 ('45','field','44','en_us',' hometounave slide 6 '),
 ('45','field','45','en_us',''),
 ('45','slug','0','en_us',''),
 ('46','field','44','en_us',' hometounave slide 7 '),
 ('46','field','45','en_us',''),
 ('46','slug','0','en_us',''),
 ('47','filename','0','en_us',' the proposal checklist pdf '),
 ('47','extension','0','en_us',' pdf '),
 ('47','kind','0','en_us',' pdf '),
 ('47','slug','0','en_us',''),
 ('47','title','0','en_us',' the proposal checklist '),
 ('48','filename','0','en_us',' the proposal checklist pdf '),
 ('48','extension','0','en_us',' pdf '),
 ('48','kind','0','en_us',' pdf '),
 ('48','slug','0','en_us',''),
 ('48','title','0','en_us',' the proposal checklist '),
 ('2','field','43','en_us',' hometoun ave photo one hometounave slide 2 template photo project slide 1470x830 hometoun ave photo two hometounave slide 7 '),
 ('49','field','45','en_us',' template photo '),
 ('49','slug','0','en_us',''),
 ('50','field','44','en_us',' hometounave slide 2 '),
 ('50','field','45','en_us',' hometoun ave photo one '),
 ('50','slug','0','en_us',''),
 ('51','field','44','en_us',' hometounave slide 7 '),
 ('51','field','45','en_us',' hometoun ave photo two '),
 ('51','slug','0','en_us',''),
 ('52','field','49','en_us',''),
 ('52','field','48','en_us',''),
 ('52','slug','0','en_us',' practice '),
 ('52','title','0','en_us',' practice '),
 ('53','field','49','en_us',''),
 ('53','field','48','en_us',''),
 ('53','slug','0','en_us',' about '),
 ('53','title','0','en_us',' about '),
 ('54','field','52','en_us',' janelle alexander '),
 ('54','field','51','en_us',' apartment developments corben architects architectural design heritage restoration to innovative contemporary design sydney sydney city mosman manly north sydney willoughby warringah pittwater woollahra beach houses mountain lodges australia '),
 ('54','field','50','en_us',' corben architects is an experienced sydney based architectural practice committed to the creation of great buildings '),
 ('54','field','53','en_us',''),
 ('54','slug','0','en_us',''),
 ('5','field','54','en_us',' thank you for contacting us we will be in touch shortly '),
 ('55','field','55','en_us',' award subtitle one '),
 ('55','field','59','en_us',''),
 ('55','field','56','en_us',' award one notion one award one notion two '),
 ('55','field','58','en_us',' page img 1050x700 '),
 ('55','slug','0','en_us',' award title one '),
 ('55','title','0','en_us',' award title one '),
 ('56','field','57','en_us',' award one notion one '),
 ('56','slug','0','en_us',''),
 ('57','field','57','en_us',' award one notion two '),
 ('57','slug','0','en_us',''),
 ('55','field','60','en_us',' 2014 06 01 '),
 ('58','field','58','en_us',' page img 1050x700 '),
 ('58','field','60','en_us',' 2014 05 01 '),
 ('58','field','55','en_us',' award two subtitle '),
 ('58','field','59','en_us',' hopetoun avenue house '),
 ('58','field','56','en_us',''),
 ('58','slug','0','en_us',' award title two '),
 ('58','title','0','en_us',' award title two '),
 ('59','field','57','en_us',' award two notion one '),
 ('59','slug','0','en_us',''),
 ('60','field','58','en_us',''),
 ('60','field','60','en_us',' 2014 05 20 '),
 ('60','field','55','en_us',' hopetoun ave subtitle '),
 ('60','field','59','en_us',''),
 ('60','field','56','en_us',''),
 ('60','slug','0','en_us',' hopetoun ave house '),
 ('60','title','0','en_us',' hopetoun ave house '),
 ('61','field','57','en_us',' awesome design award 2014 '),
 ('61','slug','0','en_us',''),
 ('62','field','57','en_us',' leed certification gold winner 2014 '),
 ('62','slug','0','en_us',''),
 ('63','field','57','en_us',' excellence in hvac 2014 '),
 ('63','slug','0','en_us','');

CREATE TABLE `craft_sections` (
  `id` int(11) NOT NULL AUTO_INCREMENT,
  `structureId` int(11) DEFAULT NULL,
  `name` varchar(255) COLLATE utf8_unicode_ci NOT NULL,
  `handle` varchar(255) COLLATE utf8_unicode_ci NOT NULL,
  `type` enum('single','channel','structure') COLLATE utf8_unicode_ci NOT NULL DEFAULT 'channel',
  `hasUrls` tinyint(1) unsigned NOT NULL DEFAULT '1',
  `template` varchar(500) COLLATE utf8_unicode_ci DEFAULT NULL,
  `dateCreated` datetime NOT NULL,
  `dateUpdated` datetime NOT NULL,
  `uid` char(36) COLLATE utf8_unicode_ci NOT NULL DEFAULT '0',
  PRIMARY KEY (`id`),
  UNIQUE KEY `craft_sections_name_unq_idx` (`name`),
  UNIQUE KEY `craft_sections_handle_unq_idx` (`handle`),
  KEY `craft_sections_structureId_fk` (`structureId`),
  CONSTRAINT `craft_sections_structureId_fk` FOREIGN KEY (`structureId`) REFERENCES `craft_structures` (`id`) ON DELETE SET NULL
) ENGINE=InnoDB AUTO_INCREMENT=8 DEFAULT CHARSET=utf8 COLLATE=utf8_unicode_ci;

insert into `craft_sections` values('1',null,'Homepage','homepage','single','1','index','2014-05-10 01:07:38','2014-06-11 01:38:42','177b94fe-7ddf-4f60-b738-aa674e8eb681'),
 ('2',null,'News','news','channel','1','news/_entry','2014-05-10 01:07:38','2014-06-06 00:34:40','5377d665-55f8-4bb1-b564-172029bac80e'),
 ('3',null,'Place','place','single','1','place','2014-06-05 03:01:30','2014-06-05 03:01:30','62ab1139-de89-42e3-858c-6f08f5084e19'),
 ('4','1','People','people','structure','0',null,'2014-06-05 21:01:45','2014-06-05 21:01:45','f5ba3b30-3024-4c8b-84c9-dad6037ff730'),
 ('5',null,'Pages','pages','channel','1','pages/_entry','2014-06-06 03:53:32','2014-06-06 03:53:32','18f837cb-bb8e-4c49-b8cc-a3ee0a87bf08'),
 ('6','3','Projects','projects','structure','1','projects/_entry','2014-06-07 23:12:22','2014-06-07 23:12:22','2ea4d0e6-ac8c-4a6c-886c-3ca55250ab1f'),
 ('7',null,'Awards','awards','channel','1','awards/_entry','2014-06-18 22:21:34','2014-06-18 22:35:28','e6806e41-6d4e-4c89-a13e-6e720c244edd');

CREATE TABLE `craft_sections_i18n` (
  `id` int(11) NOT NULL AUTO_INCREMENT,
  `sectionId` int(11) NOT NULL,
  `locale` char(12) COLLATE utf8_unicode_ci NOT NULL,
  `enabledByDefault` tinyint(1) unsigned NOT NULL DEFAULT '1',
  `urlFormat` varchar(255) COLLATE utf8_unicode_ci DEFAULT NULL,
  `nestedUrlFormat` varchar(255) COLLATE utf8_unicode_ci DEFAULT NULL,
  `dateCreated` datetime NOT NULL,
  `dateUpdated` datetime NOT NULL,
  `uid` char(36) COLLATE utf8_unicode_ci NOT NULL DEFAULT '0',
  PRIMARY KEY (`id`),
  UNIQUE KEY `craft_sections_i18n_sectionId_locale_unq_idx` (`sectionId`,`locale`),
  KEY `craft_sections_i18n_locale_fk` (`locale`),
  CONSTRAINT `craft_sections_i18n_locale_fk` FOREIGN KEY (`locale`) REFERENCES `craft_locales` (`locale`) ON DELETE CASCADE ON UPDATE CASCADE,
  CONSTRAINT `craft_sections_i18n_sectionId_fk` FOREIGN KEY (`sectionId`) REFERENCES `craft_sections` (`id`) ON DELETE CASCADE
) ENGINE=InnoDB AUTO_INCREMENT=8 DEFAULT CHARSET=utf8 COLLATE=utf8_unicode_ci;

insert into `craft_sections_i18n` values('1','1','en_us','0','__home__',null,'2014-05-10 01:07:38','2014-06-11 01:38:42','65a79de2-acd4-4a51-9d82-e937be41a09b'),
 ('2','2','en_us','0','news/{slug}',null,'2014-05-10 01:07:38','2014-06-06 00:34:40','05691cec-708e-4f92-aede-76b912a70039'),
 ('3','3','en_us','0','place',null,'2014-06-05 03:01:30','2014-06-05 03:01:30','d06e6295-384b-4126-accd-4567e8dbe4a2'),
 ('4','4','en_us','0',null,null,'2014-06-05 21:01:45','2014-06-05 21:01:45','aef4b55b-3402-4eda-9be0-5f74ee919c96'),
 ('5','5','en_us','0','{slug}',null,'2014-06-06 03:53:32','2014-06-06 03:53:32','1bcf3fc9-1661-4633-99a1-854a7477a3e3'),
 ('6','6','en_us','0','projects/{slug}',null,'2014-06-07 23:12:22','2014-06-07 23:12:22','0f95c889-3706-490f-a448-3fb69d731fcd'),
 ('7','7','en_us','0','awards/{slug}',null,'2014-06-18 22:21:34','2014-06-18 22:35:28','c5f1a8bc-dccd-4296-bf0a-a58e4e36bf74');

CREATE TABLE `craft_sessions` (
  `id` int(11) NOT NULL AUTO_INCREMENT,
  `userId` int(11) NOT NULL,
  `token` char(100) COLLATE utf8_unicode_ci NOT NULL,
  `dateCreated` datetime NOT NULL,
  `dateUpdated` datetime NOT NULL,
  `uid` char(36) COLLATE utf8_unicode_ci NOT NULL DEFAULT '0',
  PRIMARY KEY (`id`),
  KEY `craft_sessions_uid_idx` (`uid`),
  KEY `craft_sessions_token_idx` (`token`),
  KEY `craft_sessions_dateUpdated_idx` (`dateUpdated`),
  KEY `craft_sessions_userId_fk` (`userId`),
  CONSTRAINT `craft_sessions_userId_fk` FOREIGN KEY (`userId`) REFERENCES `craft_users` (`id`) ON DELETE CASCADE
) ENGINE=InnoDB AUTO_INCREMENT=5 DEFAULT CHARSET=utf8 COLLATE=utf8_unicode_ci;

insert into `craft_sessions` values('1','1','4c8096114c966dccd3363175fe8f33bc2bb83405czozNjoiZTljY2NhMDctZDlmNy00NzE3LWIxNDgtODY3ZjM0Y2Q0NWM2Ijs=','2014-05-10 01:07:38','2014-05-10 01:07:38','e47b2176-7d6b-4917-9245-fb807a727fd5'),
 ('2','1','4108f445bfee6079596b12da5bbf90a6d66337aaczozNjoiZWE4N2I5ODctNDg1ZS00YzAwLWI5M2QtOGEwYWU0NjI0ZDJhIjs=','2014-05-10 03:46:35','2014-05-10 03:46:35','04a1a070-35eb-40be-8839-fb6f90b8e1d0'),
 ('4','1','89ff70b5f536220eacf335d1ddfe8f7bec779fcfczozNjoiNDZjMWYxNjMtMzk0My00OGZiLWFhMjUtODFlN2M0NjYzNTljIjs=','2014-06-10 23:13:34','2014-06-19 01:03:09','f916ff27-99f2-4147-8f26-2c3eb2704f65');

CREATE TABLE `craft_shunnedmessages` (
  `id` int(11) NOT NULL AUTO_INCREMENT,
  `userId` int(11) NOT NULL,
  `message` varchar(255) COLLATE utf8_unicode_ci NOT NULL,
  `expiryDate` datetime DEFAULT NULL,
  `dateCreated` datetime NOT NULL,
  `dateUpdated` datetime NOT NULL,
  `uid` char(36) COLLATE utf8_unicode_ci NOT NULL DEFAULT '0',
  PRIMARY KEY (`id`),
  UNIQUE KEY `craft_shunnedmessages_userId_message_unq_idx` (`userId`,`message`),
  CONSTRAINT `craft_shunnedmessages_userId_fk` FOREIGN KEY (`userId`) REFERENCES `craft_users` (`id`) ON DELETE CASCADE
) ENGINE=InnoDB DEFAULT CHARSET=utf8 COLLATE=utf8_unicode_ci;


CREATE TABLE `craft_sproutforms_content` (
  `id` int(11) NOT NULL AUTO_INCREMENT,
  `formId` int(11) NOT NULL,
  `formId1_fullName` text COLLATE utf8_unicode_ci,
  `formId1_email` text COLLATE utf8_unicode_ci,
  `formId1_message` text COLLATE utf8_unicode_ci,
  `serverData` text COLLATE utf8_unicode_ci,
  `formId1_phone` text COLLATE utf8_unicode_ci,
  `dateCreated` datetime NOT NULL,
  `dateUpdated` datetime NOT NULL,
  `uid` char(36) COLLATE utf8_unicode_ci NOT NULL DEFAULT '0',
  PRIMARY KEY (`id`),
  KEY `craft_sproutforms_content_formId_fk` (`formId`),
  CONSTRAINT `craft_sproutforms_content_formId_fk` FOREIGN KEY (`formId`) REFERENCES `craft_sproutforms_forms` (`id`)
) ENGINE=InnoDB DEFAULT CHARSET=utf8 COLLATE=utf8_unicode_ci;


CREATE TABLE `craft_sproutforms_fields` (
  `id` int(11) NOT NULL AUTO_INCREMENT,
  `formId` int(11) DEFAULT NULL,
  `name` varchar(255) COLLATE utf8_unicode_ci NOT NULL,
  `handle` varchar(58) COLLATE utf8_unicode_ci NOT NULL,
  `context` varchar(255) COLLATE utf8_unicode_ci NOT NULL DEFAULT 'global',
  `instructions` text COLLATE utf8_unicode_ci,
  `translatable` tinyint(1) unsigned NOT NULL DEFAULT '0',
  `type` varchar(150) COLLATE utf8_unicode_ci NOT NULL,
  `settings` text COLLATE utf8_unicode_ci,
  `validation` text COLLATE utf8_unicode_ci,
  `sortOrder` tinyint(4) DEFAULT NULL,
  `dateCreated` datetime NOT NULL,
  `dateUpdated` datetime NOT NULL,
  `uid` char(36) COLLATE utf8_unicode_ci NOT NULL DEFAULT '0',
  PRIMARY KEY (`id`),
  UNIQUE KEY `craft_sproutforms_fields_handle_context_unq_idx` (`handle`,`context`),
  KEY `craft_sproutforms_fields_context_idx` (`context`),
  KEY `craft_sproutforms_fields_formId_fk` (`formId`),
  CONSTRAINT `craft_sproutforms_fields_formId_fk` FOREIGN KEY (`formId`) REFERENCES `craft_sproutforms_forms` (`id`) ON DELETE CASCADE
) ENGINE=InnoDB AUTO_INCREMENT=12 DEFAULT CHARSET=utf8 COLLATE=utf8_unicode_ci;

insert into `craft_sproutforms_fields` values('2','1','Name','formId1_fullName','global','','0','PlainText','{\"placeholder\":\"\",\"maxLength\":\"\",\"multiline\":\"\",\"initialRows\":\"4\"}','required','1','2013-11-15 13:50:20','2014-06-14 21:07:58','2554ab82-1937-485b-abdc-4ed285782f19'),
 ('4','1','Email','formId1_email','global','','0','PlainText','{\"placeholder\":\"\",\"maxLength\":\"\",\"multiline\":\"\",\"initialRows\":\"2\"}','required,email','2','2013-11-15 14:34:57','2014-06-14 21:03:23','eeaed567-ccc7-4e5d-935d-298605395b12'),
 ('8','1','Message','formId1_message','global','','0','PlainText','{\"placeholder\":\"\",\"maxLength\":\"\",\"multiline\":\"1\",\"initialRows\":\"4\"}','required','4','2014-03-03 03:14:45','2014-06-14 20:20:30','c81af8ad-31bc-45f7-beeb-1a6ee6a0c136'),
 ('11','1','Phone','formId1_phone','global','','0','PlainText','{\"placeholder\":\"\",\"maxLength\":\"\",\"multiline\":\"\",\"initialRows\":\"4\"}','','3','2014-06-14 20:20:19','2014-06-14 20:20:30','89a365b4-9981-48d6-b901-6adb67d35935');

CREATE TABLE `craft_sproutforms_forms` (
  `id` int(11) NOT NULL AUTO_INCREMENT,
  `name` varchar(255) COLLATE utf8_unicode_ci NOT NULL,
  `handle` varchar(255) COLLATE utf8_unicode_ci NOT NULL,
  `redirectUri` varchar(255) COLLATE utf8_unicode_ci DEFAULT NULL,
  `submitButtonType` varchar(255) COLLATE utf8_unicode_ci DEFAULT NULL,
  `submitButtonText` varchar(255) COLLATE utf8_unicode_ci DEFAULT NULL,
  `email_distribution_list` varchar(255) COLLATE utf8_unicode_ci DEFAULT NULL,
  `notification_reply_to` varchar(255) COLLATE utf8_unicode_ci DEFAULT NULL,
  `notification_subject` varchar(255) COLLATE utf8_unicode_ci DEFAULT NULL,
  `dateCreated` datetime NOT NULL,
  `dateUpdated` datetime NOT NULL,
  `uid` char(36) COLLATE utf8_unicode_ci NOT NULL DEFAULT '0',
  PRIMARY KEY (`id`)
) ENGINE=InnoDB AUTO_INCREMENT=2 DEFAULT CHARSET=utf8 COLLATE=utf8_unicode_ci;

insert into `craft_sproutforms_forms` values('1','Contact','contact','','button','Send','ryan@ryanbelisle.com','ryan-reply@ryanbelisle.com','Corben Architects Contact Submission','2013-11-12 21:38:55','2014-06-14 20:21:26','ff67708c-dee4-4242-9f9e-1d5c221763a7');

CREATE TABLE `craft_structureelements` (
  `id` int(11) NOT NULL AUTO_INCREMENT,
  `structureId` int(11) NOT NULL,
  `elementId` int(11) DEFAULT NULL,
  `root` int(11) unsigned DEFAULT NULL,
  `lft` int(11) unsigned NOT NULL,
  `rgt` int(11) unsigned NOT NULL,
  `level` smallint(6) unsigned NOT NULL,
  `dateCreated` datetime NOT NULL,
  `dateUpdated` datetime NOT NULL,
  `uid` char(36) COLLATE utf8_unicode_ci NOT NULL DEFAULT '0',
  PRIMARY KEY (`id`),
  UNIQUE KEY `craft_structureelements_structureId_elementId_unq_idx` (`structureId`,`elementId`),
  KEY `craft_structureelements_root_idx` (`root`),
  KEY `craft_structureelements_lft_idx` (`lft`),
  KEY `craft_structureelements_rgt_idx` (`rgt`),
  KEY `craft_structureelements_level_idx` (`level`),
  KEY `craft_structureelements_elementId_fk` (`elementId`),
  CONSTRAINT `craft_structureelements_elementId_fk` FOREIGN KEY (`elementId`) REFERENCES `craft_elements` (`id`) ON DELETE CASCADE,
  CONSTRAINT `craft_structureelements_structureId_fk` FOREIGN KEY (`structureId`) REFERENCES `craft_structures` (`id`) ON DELETE CASCADE
) ENGINE=InnoDB AUTO_INCREMENT=13 DEFAULT CHARSET=utf8 COLLATE=utf8_unicode_ci;

insert into `craft_structureelements` values('1','1',null,'1','1','8','0','2014-06-05 23:43:39','2014-06-05 23:43:39','b36453a1-4876-4081-b4a1-5e8f38fc4b8f'),
 ('2','1','6','1','2','3','1','2014-06-05 23:43:39','2014-06-05 23:43:39','55c4042c-cc83-47e4-9620-60a198f52bf8'),
 ('3','1','7','1','4','5','1','2014-06-05 23:59:00','2014-06-05 23:59:00','cefadf19-04b8-4e46-858a-b8759010efd6'),
 ('4','1','8','1','6','7','1','2014-06-06 00:01:04','2014-06-06 00:01:04','062c16ac-a14b-4bf6-8503-5917b70836a2'),
 ('5','2',null,'5','1','12','0','2014-06-07 23:09:56','2014-06-07 23:09:56','2dc0a0a0-c540-40eb-9770-3e797f8489a3'),
 ('6','2','24','5','10','11','1','2014-06-07 23:09:56','2014-06-07 23:09:56','5fdfa500-a983-4c36-a95c-956315d9d650'),
 ('7','2','25','5','2','3','1','2014-06-07 23:10:05','2014-06-07 23:10:05','3ca0f043-5cb2-4ce0-9eff-59417a97d279'),
 ('8','3',null,'8','1','4','0','2014-06-07 23:37:05','2014-06-07 23:37:05','3bd9d1f3-fb6d-47f6-8829-7f553929fe60'),
 ('9','3','26','8','2','3','1','2014-06-07 23:37:05','2014-06-07 23:37:05','654dcf25-708a-44ab-8013-bae6a110ebf4'),
 ('10','2','32','5','4','5','1','2014-06-07 23:59:09','2014-06-07 23:59:09','b8bf7bd7-3548-43af-b6a3-9b844591dee2'),
 ('11','2','33','5','6','7','1','2014-06-07 23:59:14','2014-06-07 23:59:14','fabab63f-2328-4121-ad3d-c827b833425b'),
 ('12','2','34','5','8','9','1','2014-06-07 23:59:24','2014-06-07 23:59:24','a1cef926-c40c-4528-99c9-aab1ac1b9803');

CREATE TABLE `craft_structures` (
  `id` int(11) NOT NULL AUTO_INCREMENT,
  `maxLevels` smallint(6) unsigned DEFAULT NULL,
  `movePermission` varchar(255) COLLATE utf8_unicode_ci DEFAULT NULL,
  `dateCreated` datetime NOT NULL,
  `dateUpdated` datetime NOT NULL,
  `uid` char(36) COLLATE utf8_unicode_ci NOT NULL DEFAULT '0',
  PRIMARY KEY (`id`)
) ENGINE=InnoDB AUTO_INCREMENT=4 DEFAULT CHARSET=utf8 COLLATE=utf8_unicode_ci;

insert into `craft_structures` values('1','1',null,'2014-06-05 21:01:45','2014-06-05 21:01:45','40968ea9-f7f8-4cf8-a169-42f5caa11668'),
 ('2','1',null,'2014-06-07 23:09:03','2014-06-07 23:09:03','202563b2-15d9-40dc-a70e-8ef3450d4159'),
 ('3','1',null,'2014-06-07 23:12:22','2014-06-07 23:12:22','11bcadf9-14fe-4b8f-8f79-43b0244916e1');

CREATE TABLE `craft_systemsettings` (
  `id` int(11) NOT NULL AUTO_INCREMENT,
  `category` varchar(15) COLLATE utf8_unicode_ci NOT NULL,
  `settings` text COLLATE utf8_unicode_ci,
  `dateCreated` datetime NOT NULL,
  `dateUpdated` datetime NOT NULL,
  `uid` char(36) COLLATE utf8_unicode_ci NOT NULL DEFAULT '0',
  PRIMARY KEY (`id`),
  UNIQUE KEY `craft_systemsettings_category_unq_idx` (`category`)
) ENGINE=InnoDB AUTO_INCREMENT=2 DEFAULT CHARSET=utf8 COLLATE=utf8_unicode_ci;

insert into `craft_systemsettings` values('1','email','{\"protocol\":\"php\",\"emailAddress\":\"ryan@ryanbelisle.com\",\"senderName\":\"Corben Architets\"}','2014-05-10 01:07:38','2014-05-10 01:07:38','71e3a26a-e822-41e0-9dcd-c31b88824878');

CREATE TABLE `craft_taggroups` (
  `id` int(11) NOT NULL AUTO_INCREMENT,
  `name` varchar(255) COLLATE utf8_unicode_ci NOT NULL,
  `handle` varchar(255) COLLATE utf8_unicode_ci NOT NULL,
  `fieldLayoutId` int(10) DEFAULT NULL,
  `dateCreated` datetime NOT NULL,
  `dateUpdated` datetime NOT NULL,
  `uid` char(36) COLLATE utf8_unicode_ci NOT NULL DEFAULT '0',
  PRIMARY KEY (`id`),
  UNIQUE KEY `craft_taggroups_name_unq_idx` (`name`),
  UNIQUE KEY `craft_taggroups_handle_unq_idx` (`handle`),
  KEY `craft_taggroups_fieldLayoutId_fk` (`fieldLayoutId`),
  CONSTRAINT `craft_taggroups_fieldLayoutId_fk` FOREIGN KEY (`fieldLayoutId`) REFERENCES `craft_fieldlayouts` (`id`) ON DELETE SET NULL
) ENGINE=InnoDB AUTO_INCREMENT=2 DEFAULT CHARSET=utf8 COLLATE=utf8_unicode_ci;

insert into `craft_taggroups` values('1','Default','default','1','2014-05-10 01:07:38','2014-05-10 01:07:38','e44fe342-ae32-459d-a799-0ba252b03e51');

CREATE TABLE `craft_tags` (
  `id` int(11) NOT NULL,
  `groupId` int(11) NOT NULL,
  `name` varchar(255) COLLATE utf8_unicode_ci NOT NULL,
  `dateCreated` datetime NOT NULL,
  `dateUpdated` datetime NOT NULL,
  `uid` char(36) COLLATE utf8_unicode_ci NOT NULL DEFAULT '0',
  PRIMARY KEY (`id`),
  UNIQUE KEY `craft_tags_name_groupId_unq_idx` (`name`,`groupId`),
  KEY `craft_tags_groupId_fk` (`groupId`),
  CONSTRAINT `craft_tags_groupId_fk` FOREIGN KEY (`groupId`) REFERENCES `craft_taggroups` (`id`) ON DELETE CASCADE,
  CONSTRAINT `craft_tags_id_fk` FOREIGN KEY (`id`) REFERENCES `craft_elements` (`id`) ON DELETE CASCADE
) ENGINE=InnoDB DEFAULT CHARSET=utf8 COLLATE=utf8_unicode_ci;


CREATE TABLE `craft_tasks` (
  `id` int(11) NOT NULL AUTO_INCREMENT,
  `root` int(11) unsigned DEFAULT NULL,
  `lft` int(11) unsigned NOT NULL,
  `rgt` int(11) unsigned NOT NULL,
  `level` smallint(6) unsigned NOT NULL,
  `currentStep` int(11) unsigned DEFAULT NULL,
  `totalSteps` int(11) unsigned DEFAULT NULL,
  `status` enum('pending','error','running') COLLATE utf8_unicode_ci DEFAULT NULL,
  `type` varchar(150) COLLATE utf8_unicode_ci NOT NULL,
  `description` varchar(255) COLLATE utf8_unicode_ci DEFAULT NULL,
  `settings` text COLLATE utf8_unicode_ci,
  `dateCreated` datetime NOT NULL,
  `dateUpdated` datetime NOT NULL,
  `uid` char(36) COLLATE utf8_unicode_ci NOT NULL DEFAULT '0',
  PRIMARY KEY (`id`),
  KEY `craft_tasks_root_idx` (`root`),
  KEY `craft_tasks_lft_idx` (`lft`),
  KEY `craft_tasks_rgt_idx` (`rgt`),
  KEY `craft_tasks_level_idx` (`level`)
) ENGINE=InnoDB DEFAULT CHARSET=utf8 COLLATE=utf8_unicode_ci;


CREATE TABLE `craft_templatecachecriteria` (
  `cacheId` int(11) NOT NULL,
  `type` varchar(150) COLLATE utf8_unicode_ci NOT NULL,
  `criteria` text COLLATE utf8_unicode_ci NOT NULL,
  KEY `craft_templatecachecriteria_cacheId_fk` (`cacheId`),
  CONSTRAINT `craft_templatecachecriteria_cacheId_fk` FOREIGN KEY (`cacheId`) REFERENCES `craft_templatecaches` (`id`) ON DELETE CASCADE
) ENGINE=InnoDB DEFAULT CHARSET=utf8 COLLATE=utf8_unicode_ci;


CREATE TABLE `craft_templatecacheelements` (
  `cacheId` int(11) NOT NULL,
  `elementId` int(11) NOT NULL,
  KEY `craft_templatecacheelements_cacheId_fk` (`cacheId`),
  KEY `craft_templatecacheelements_elementId_fk` (`elementId`),
  CONSTRAINT `craft_templatecacheelements_cacheId_fk` FOREIGN KEY (`cacheId`) REFERENCES `craft_templatecaches` (`id`) ON DELETE CASCADE,
  CONSTRAINT `craft_templatecacheelements_elementId_fk` FOREIGN KEY (`elementId`) REFERENCES `craft_elements` (`id`) ON DELETE CASCADE
) ENGINE=InnoDB DEFAULT CHARSET=utf8 COLLATE=utf8_unicode_ci;


CREATE TABLE `craft_templatecaches` (
  `id` int(11) NOT NULL AUTO_INCREMENT,
  `cacheKey` varchar(36) COLLATE utf8_unicode_ci NOT NULL,
  `locale` char(12) COLLATE utf8_unicode_ci NOT NULL,
  `path` varchar(255) COLLATE utf8_unicode_ci DEFAULT NULL,
  `expiryDate` datetime NOT NULL,
  `body` mediumtext COLLATE utf8_unicode_ci NOT NULL,
  PRIMARY KEY (`id`),
  KEY `craft_templatecaches_expiryDate_cacheKey_locale_path_idx` (`expiryDate`,`cacheKey`,`locale`,`path`),
  KEY `craft_templatecaches_locale_fk` (`locale`),
  CONSTRAINT `craft_templatecaches_locale_fk` FOREIGN KEY (`locale`) REFERENCES `craft_locales` (`locale`) ON DELETE CASCADE ON UPDATE CASCADE
) ENGINE=InnoDB DEFAULT CHARSET=utf8 COLLATE=utf8_unicode_ci;


CREATE TABLE `craft_usergroups` (
  `id` int(11) NOT NULL AUTO_INCREMENT,
  `name` varchar(255) COLLATE utf8_unicode_ci NOT NULL,
  `handle` varchar(255) COLLATE utf8_unicode_ci NOT NULL,
  `dateCreated` datetime NOT NULL,
  `dateUpdated` datetime NOT NULL,
  `uid` char(36) COLLATE utf8_unicode_ci NOT NULL DEFAULT '0',
  PRIMARY KEY (`id`)
) ENGINE=InnoDB DEFAULT CHARSET=utf8 COLLATE=utf8_unicode_ci;


CREATE TABLE `craft_usergroups_users` (
  `id` int(11) NOT NULL AUTO_INCREMENT,
  `groupId` int(11) NOT NULL,
  `userId` int(11) NOT NULL,
  `dateCreated` datetime NOT NULL,
  `dateUpdated` datetime NOT NULL,
  `uid` char(36) COLLATE utf8_unicode_ci NOT NULL DEFAULT '0',
  PRIMARY KEY (`id`),
  UNIQUE KEY `craft_usergroups_users_groupId_userId_unq_idx` (`groupId`,`userId`),
  KEY `craft_usergroups_users_userId_fk` (`userId`),
  CONSTRAINT `craft_usergroups_users_groupId_fk` FOREIGN KEY (`groupId`) REFERENCES `craft_usergroups` (`id`) ON DELETE CASCADE,
  CONSTRAINT `craft_usergroups_users_userId_fk` FOREIGN KEY (`userId`) REFERENCES `craft_users` (`id`) ON DELETE CASCADE
) ENGINE=InnoDB DEFAULT CHARSET=utf8 COLLATE=utf8_unicode_ci;


CREATE TABLE `craft_userpermissions` (
  `id` int(11) NOT NULL AUTO_INCREMENT,
  `name` varchar(255) COLLATE utf8_unicode_ci NOT NULL,
  `dateCreated` datetime NOT NULL,
  `dateUpdated` datetime NOT NULL,
  `uid` char(36) COLLATE utf8_unicode_ci NOT NULL DEFAULT '0',
  PRIMARY KEY (`id`),
  UNIQUE KEY `craft_userpermissions_name_unq_idx` (`name`)
) ENGINE=InnoDB DEFAULT CHARSET=utf8 COLLATE=utf8_unicode_ci;


CREATE TABLE `craft_userpermissions_usergroups` (
  `id` int(11) NOT NULL AUTO_INCREMENT,
  `permissionId` int(11) NOT NULL,
  `groupId` int(11) NOT NULL,
  `dateCreated` datetime NOT NULL,
  `dateUpdated` datetime NOT NULL,
  `uid` char(36) COLLATE utf8_unicode_ci NOT NULL DEFAULT '0',
  PRIMARY KEY (`id`),
  UNIQUE KEY `craft_userpermissions_usergroups_permissionId_groupId_unq_idx` (`permissionId`,`groupId`),
  KEY `craft_userpermissions_usergroups_groupId_fk` (`groupId`),
  CONSTRAINT `craft_userpermissions_usergroups_groupId_fk` FOREIGN KEY (`groupId`) REFERENCES `craft_usergroups` (`id`) ON DELETE CASCADE,
  CONSTRAINT `craft_userpermissions_usergroups_permissionId_fk` FOREIGN KEY (`permissionId`) REFERENCES `craft_userpermissions` (`id`) ON DELETE CASCADE
) ENGINE=InnoDB DEFAULT CHARSET=utf8 COLLATE=utf8_unicode_ci;


CREATE TABLE `craft_userpermissions_users` (
  `id` int(11) NOT NULL AUTO_INCREMENT,
  `permissionId` int(11) NOT NULL,
  `userId` int(11) NOT NULL,
  `dateCreated` datetime NOT NULL,
  `dateUpdated` datetime NOT NULL,
  `uid` char(36) COLLATE utf8_unicode_ci NOT NULL DEFAULT '0',
  PRIMARY KEY (`id`),
  UNIQUE KEY `craft_userpermissions_users_permissionId_userId_unq_idx` (`permissionId`,`userId`),
  KEY `craft_userpermissions_users_userId_fk` (`userId`),
  CONSTRAINT `craft_userpermissions_users_permissionId_fk` FOREIGN KEY (`permissionId`) REFERENCES `craft_userpermissions` (`id`) ON DELETE CASCADE,
  CONSTRAINT `craft_userpermissions_users_userId_fk` FOREIGN KEY (`userId`) REFERENCES `craft_users` (`id`) ON DELETE CASCADE
) ENGINE=InnoDB DEFAULT CHARSET=utf8 COLLATE=utf8_unicode_ci;


CREATE TABLE `craft_users` (
  `id` int(11) NOT NULL,
  `username` varchar(100) COLLATE utf8_unicode_ci NOT NULL,
  `photo` varchar(50) COLLATE utf8_unicode_ci DEFAULT NULL,
  `firstName` varchar(100) COLLATE utf8_unicode_ci DEFAULT NULL,
  `lastName` varchar(100) COLLATE utf8_unicode_ci DEFAULT NULL,
  `email` varchar(255) COLLATE utf8_unicode_ci NOT NULL,
  `password` char(255) COLLATE utf8_unicode_ci DEFAULT NULL,
  `preferredLocale` char(12) COLLATE utf8_unicode_ci DEFAULT NULL,
  `admin` tinyint(1) unsigned NOT NULL DEFAULT '0',
  `client` tinyint(1) unsigned NOT NULL DEFAULT '0',
  `status` enum('active','locked','suspended','pending','archived') COLLATE utf8_unicode_ci DEFAULT 'pending',
  `lastLoginDate` datetime DEFAULT NULL,
  `lastLoginAttemptIPAddress` varchar(45) COLLATE utf8_unicode_ci DEFAULT NULL,
  `invalidLoginWindowStart` datetime DEFAULT NULL,
  `invalidLoginCount` tinyint(4) unsigned DEFAULT NULL,
  `lastInvalidLoginDate` datetime DEFAULT NULL,
  `lockoutDate` datetime DEFAULT NULL,
  `verificationCode` char(100) COLLATE utf8_unicode_ci DEFAULT NULL,
  `verificationCodeIssuedDate` datetime DEFAULT NULL,
  `unverifiedEmail` varchar(255) COLLATE utf8_unicode_ci DEFAULT NULL,
  `passwordResetRequired` tinyint(1) unsigned NOT NULL DEFAULT '0',
  `lastPasswordChangeDate` datetime DEFAULT NULL,
  `dateCreated` datetime NOT NULL,
  `dateUpdated` datetime NOT NULL,
  `uid` char(36) COLLATE utf8_unicode_ci NOT NULL DEFAULT '0',
  PRIMARY KEY (`id`),
  UNIQUE KEY `craft_users_username_unq_idx` (`username`),
  UNIQUE KEY `craft_users_email_unq_idx` (`email`),
  KEY `craft_users_verificationCode_idx` (`verificationCode`),
  KEY `craft_users_uid_idx` (`uid`),
  KEY `craft_users_preferredLocale_fk` (`preferredLocale`),
  CONSTRAINT `craft_users_id_fk` FOREIGN KEY (`id`) REFERENCES `craft_elements` (`id`) ON DELETE CASCADE,
  CONSTRAINT `craft_users_preferredLocale_fk` FOREIGN KEY (`preferredLocale`) REFERENCES `craft_locales` (`locale`) ON DELETE SET NULL ON UPDATE CASCADE
) ENGINE=InnoDB DEFAULT CHARSET=utf8 COLLATE=utf8_unicode_ci;

insert into `craft_users` values('1','ryanbelisle',null,'Ryan','Belisle','ryan@ryanbelisle.com','$2a$13$VDz10qnvx8asXchlDKJYzOQj.eVCzr6IePVkHBRUBJryE8uZ/qEjK',null,'1','0','active','2014-06-18 20:45:05','127.0.0.1',null,null,null,null,null,null,null,'0','2014-05-10 01:07:35','2014-05-10 01:07:35','2014-06-18 20:45:05','e0c68109-9c17-4566-b7f9-48930661da04'),
 ('4','corbenarch',null,'Janelle','Alexander','corbenoffice@gmail.com','$2a$13$1aNuqpnDqsrc2TY2.Y8kR.IFlqioiwXZAFoYv/FWINIT1q5L1vm3C',null,'0','1','active',null,null,null,null,null,null,null,null,null,'0','2014-06-17 21:32:30','2014-05-10 01:19:53','2014-06-17 21:32:30','01df128f-bc31-4ad9-bf2c-54a761b0f0de');

CREATE TABLE `craft_widgets` (
  `id` int(11) NOT NULL AUTO_INCREMENT,
  `userId` int(11) NOT NULL,
  `type` varchar(150) COLLATE utf8_unicode_ci NOT NULL,
  `sortOrder` tinyint(4) DEFAULT NULL,
  `settings` text COLLATE utf8_unicode_ci,
  `enabled` tinyint(1) unsigned NOT NULL DEFAULT '1',
  `dateCreated` datetime NOT NULL,
  `dateUpdated` datetime NOT NULL,
  `uid` char(36) COLLATE utf8_unicode_ci NOT NULL DEFAULT '0',
  PRIMARY KEY (`id`),
  KEY `craft_widgets_userId_fk` (`userId`),
  CONSTRAINT `craft_widgets_userId_fk` FOREIGN KEY (`userId`) REFERENCES `craft_users` (`id`) ON DELETE CASCADE
) ENGINE=InnoDB AUTO_INCREMENT=6 DEFAULT CHARSET=utf8 COLLATE=utf8_unicode_ci;

insert into `craft_widgets` values('1','1','QuickPost','1','{\"section\":\"2\"}','1','2014-05-10 01:09:07','2014-05-10 01:09:07','20bbdf71-d768-4d36-8b61-6fa6926c552a'),
 ('2','1','RecentEntries','2',null,'1','2014-05-10 01:09:07','2014-05-10 01:09:07','746c2384-ad4f-422e-a498-bf2d3ebaefc3'),
 ('3','1','GetHelp','3',null,'1','2014-05-10 01:09:07','2014-05-10 01:09:07','2195443b-9390-4a39-9bc4-ff84a6a81da2'),
 ('4','1','Updates','4',null,'1','2014-05-10 01:09:07','2014-05-10 01:09:07','84a314a8-1c10-44af-8759-c7d82853531f'),
 ('5','1','Feed','5','{\"url\":\"http:\\/\\/feeds.feedburner.com\\/blogandtonic\",\"title\":\"Blog & Tonic\"}','1','2014-05-10 01:09:07','2014-05-10 01:09:07','451366cd-b7b8-4b9d-a8e4-9e8999d3ab30');

SET FOREIGN_KEY_CHECKS = 1;
